-- MySQL dump 10.14  Distrib 5.5.68-MariaDB, for Linux (x86_64)
--
-- Host: localhost    Database: Hajj_IoT
-- ------------------------------------------------------
-- Server version	5.5.68-MariaDB

/*!40101 SET @OLD_CHARACTER_SET_CLIENT=@@CHARACTER_SET_CLIENT */;
/*!40101 SET @OLD_CHARACTER_SET_RESULTS=@@CHARACTER_SET_RESULTS */;
/*!40101 SET @OLD_COLLATION_CONNECTION=@@COLLATION_CONNECTION */;
/*!40101 SET NAMES utf8 */;
/*!40103 SET @OLD_TIME_ZONE=@@TIME_ZONE */;
/*!40103 SET TIME_ZONE='+00:00' */;
/*!40014 SET @OLD_UNIQUE_CHECKS=@@UNIQUE_CHECKS, UNIQUE_CHECKS=0 */;
/*!40014 SET @OLD_FOREIGN_KEY_CHECKS=@@FOREIGN_KEY_CHECKS, FOREIGN_KEY_CHECKS=0 */;
/*!40101 SET @OLD_SQL_MODE=@@SQL_MODE, SQL_MODE='NO_AUTO_VALUE_ON_ZERO' */;
/*!40111 SET @OLD_SQL_NOTES=@@SQL_NOTES, SQL_NOTES=0 */;

--
-- Table structure for table `ComarchWatchLog`
--

DROP TABLE IF EXISTS `ComarchWatchLog`;
/*!40101 SET @saved_cs_client     = @@character_set_client */;
/*!40101 SET character_set_client = utf8 */;
CREATE TABLE `ComarchWatchLog` (
  `DeviceId` varchar(64) NOT NULL,
  `HeartRate` varchar(50) CHARACTER SET utf8mb4 DEFAULT NULL,
  `Location` varchar(150) CHARACTER SET utf8mb4 DEFAULT NULL,
  `Tempreture` varchar(50) CHARACTER SET utf8mb4 DEFAULT NULL,
  KEY `FK_ComarchWatchLog_Devices` (`DeviceId`),
  CONSTRAINT `FK_ComarchWatchLog_Devices` FOREIGN KEY (`DeviceId`) REFERENCES `Devices` (`GUID`) ON DELETE NO ACTION ON UPDATE NO ACTION
) ENGINE=InnoDB DEFAULT CHARSET=latin1;
/*!40101 SET character_set_client = @saved_cs_client */;

--
-- Dumping data for table `ComarchWatchLog`
--

LOCK TABLES `ComarchWatchLog` WRITE;
/*!40000 ALTER TABLE `ComarchWatchLog` DISABLE KEYS */;
/*!40000 ALTER TABLE `ComarchWatchLog` ENABLE KEYS */;
UNLOCK TABLES;

--
-- Table structure for table `Devices`
--

DROP TABLE IF EXISTS `Devices`;
/*!40101 SET @saved_cs_client     = @@character_set_client */;
/*!40101 SET character_set_client = utf8 */;
CREATE TABLE `Devices` (
  `GUID` varchar(64) NOT NULL,
  `ThingId` varchar(64) NOT NULL,
  `SimId` varchar(50) CHARACTER SET utf8mb4 DEFAULT NULL,
  `NFC` varchar(50) CHARACTER SET utf8mb4 DEFAULT NULL,
  `ActivationDay` datetime DEFAULT NULL,
  PRIMARY KEY (`GUID`),
  KEY `FK_Devices_Things` (`ThingId`),
  CONSTRAINT `FK_Devices_Things` FOREIGN KEY (`ThingId`) REFERENCES `Things` (`GUID`) ON DELETE NO ACTION ON UPDATE NO ACTION
) ENGINE=InnoDB DEFAULT CHARSET=latin1;
/*!40101 SET character_set_client = @saved_cs_client */;

--
-- Dumping data for table `Devices`
--

LOCK TABLES `Devices` WRITE;
/*!40000 ALTER TABLE `Devices` DISABLE KEYS */;
/*!40000 ALTER TABLE `Devices` ENABLE KEYS */;
UNLOCK TABLES;

--
-- Table structure for table `Locations`
--

DROP TABLE IF EXISTS `Locations`;
/*!40101 SET @saved_cs_client     = @@character_set_client */;
/*!40101 SET character_set_client = utf8 */;
CREATE TABLE `Locations` (
  `ThingId` varchar(64) DEFAULT NULL,
  `Coordinates` varchar(200) CHARACTER SET utf8mb4 DEFAULT NULL,
  `Zone` varchar(50) CHARACTER SET utf8mb4 DEFAULT NULL,
  `lat` varchar(100) DEFAULT NULL,
  `lng` varchar(100) DEFAULT NULL,
  `agentID` int(11) DEFAULT NULL,
  KEY `FK_Locations_Things` (`ThingId`),
  CONSTRAINT `FK_Locations_Things` FOREIGN KEY (`ThingId`) REFERENCES `Things` (`GUID`) ON DELETE NO ACTION ON UPDATE NO ACTION
) ENGINE=InnoDB DEFAULT CHARSET=latin1;
/*!40101 SET character_set_client = @saved_cs_client */;

--
-- Dumping data for table `Locations`
--

LOCK TABLES `Locations` WRITE;
/*!40000 ALTER TABLE `Locations` DISABLE KEYS */;
INSERT INTO `Locations` VALUES ('2','24.749623,46.687204','Ø§Ù„Ù‡Ø¯Ù‰','24.749623','46.687204',1),('3','24.754237,46.687068','Ø§Ù„ØªÙ‚ÙˆÙ‰','24.754237','46.687068',4),('4','24.753889,46.692639','Ø§Ù„ÙØ¬Ø±','24.753889','46.692639',3),('5','24.752614,46.685482','Ø§Ù„Ø®ÙŠØ±','24.752614','46.685482',1),('6','24.753889,46.692639','Ø§Ù„ÙØ¬Ø±','24.753889','46.692639',3),('7','24.752614,46.685482','Ø§Ù„Ø®ÙŠØ±','24.752614','46.685482',1),('8','24.749623,46.687204','Ø§Ù„Ù‡Ø¯Ù‰','24.749623','46.687204',2),('9','24.753889,46.692639','Ø§Ù„ÙØ¬Ø±','24.753889','46.692639',3),('10','24.753889,46.692639','Ø§Ù„ÙØ¬Ø±','24.753889','46.692639',3),('11','24.754237,46.687068','Ø§Ù„ØªÙ‚ÙˆÙ‰','24.754237','46.687068',4),('12','24.752614,46.685482','Ø§Ù„Ø®ÙŠØ±','24.752614','46.685482',1),('13','24.749623,46.687204','Ø§Ù„Ù‡Ø¯Ù‰','24.749623','46.687204',2),('14','24.749623,46.687204','Ø§Ù„Ù‡Ø¯Ù‰','24.749623','46.687204',2),('15','24.749623,46.687204','Ø§Ù„Ù‡Ø¯Ù‰','24.749623','46.687204',2),('16','24.749623,46.687204','Ø§Ù„Ù‡Ø¯Ù‰','24.749623','46.687204',2),('17','24.749623,46.687204','Ø§Ù„Ù‡Ø¯Ù‰','24.749623','46.687204',2),('18','24.752614,46.685482','Ø§Ù„ØªÙ‚ÙˆÙ‰','24.752614','46.685482',4),('19','24.752614,46.685482','Ø§Ù„Ù‡Ø¯Ù‰','24.752614','46.685482',2),('20','24.752614,46.685482','Ø§Ù„Ù‡Ø¯Ù‰','24.752614','46.685482',2),('21','24.752614,46.685482','Ø§Ù„Ù‡Ø¯Ù‰','24.752614','46.685482',2),('22','24.752614,46.685482','Ø§Ù„Ù‡Ø¯Ù‰','24.752614','46.685482',2),('23','24.752614,46.685482','Ø§Ù„Ù‡Ø¯Ù‰','24.752614','46.685482',2),('24','24.752614,46.685482','Ø§Ù„Ù‡Ø¯Ù‰','24.752614','46.685482',2),('25','24.752614,46.685482','Ø§Ù„Ù‡Ø¯Ù‰','24.752614','46.685482',2);
/*!40000 ALTER TABLE `Locations` ENABLE KEYS */;
UNLOCK TABLES;

--
-- Table structure for table `Logs`
--

DROP TABLE IF EXISTS `Logs`;
/*!40101 SET @saved_cs_client     = @@character_set_client */;
/*!40101 SET character_set_client = utf8 */;
CREATE TABLE `Logs` (
  `Id` int(11) NOT NULL,
  `DeviceId` varchar(64) NOT NULL,
  `Timestamp` datetime NOT NULL,
  KEY `FK_Logs_Devices` (`DeviceId`),
  CONSTRAINT `FK_Logs_Devices` FOREIGN KEY (`DeviceId`) REFERENCES `Devices` (`GUID`) ON DELETE NO ACTION ON UPDATE NO ACTION
) ENGINE=InnoDB DEFAULT CHARSET=latin1;
/*!40101 SET character_set_client = @saved_cs_client */;

--
-- Dumping data for table `Logs`
--

LOCK TABLES `Logs` WRITE;
/*!40000 ALTER TABLE `Logs` DISABLE KEYS */;
/*!40000 ALTER TABLE `Logs` ENABLE KEYS */;
UNLOCK TABLES;

--
-- Table structure for table `Persons`
--

DROP TABLE IF EXISTS `Persons`;
/*!40101 SET @saved_cs_client     = @@character_set_client */;
/*!40101 SET character_set_client = utf8 */;
CREATE TABLE `Persons` (
  `ThingId` varchar(64) NOT NULL,
  `Name` varchar(50) CHARACTER SET utf8mb4 NOT NULL,
  `Gender` varchar(50) CHARACTER SET utf8mb4 NOT NULL,
  `Nationality` varchar(50) CHARACTER SET utf8mb4 DEFAULT NULL,
  `ContactId` varchar(50) CHARACTER SET utf8mb4 DEFAULT NULL,
  `Address` varchar(50) CHARACTER SET utf8mb4 DEFAULT NULL,
  `EMPTY` varchar(50) CHARACTER SET utf8mb4 DEFAULT NULL,
  KEY `FK_Persons_Things` (`ThingId`),
  CONSTRAINT `FK_Persons_Things` FOREIGN KEY (`ThingId`) REFERENCES `Things` (`GUID`) ON DELETE NO ACTION ON UPDATE NO ACTION
) ENGINE=InnoDB DEFAULT CHARSET=latin1;
/*!40101 SET character_set_client = @saved_cs_client */;

--
-- Dumping data for table `Persons`
--

LOCK TABLES `Persons` WRITE;
/*!40000 ALTER TABLE `Persons` DISABLE KEYS */;
INSERT INTO `Persons` VALUES ('1','ØªØ±ÙƒÙŠ Ø¹Ø¨Ø¯Ø§Ù„Ø¹Ø²ÙŠØ² Ø¹Ù„ÙŠ Ø§Ù„ØºØ§Ù…Ø¯ÙŠ','Male','Saudi Citizen','966556000000.0','Ø§Ù„Ø®ÙŠØ±','test'),('2','Ø¹Ù…Ø± Ø¹Ø¨Ø¯Ø§Ù„ÙˆÙ‡Ø§Ø¨ Ø¹Ø¨Ø¯Ø§Ù„Ø¹Ø²ÙŠØ² Ø§Ù„Ø´Ø¹ÙŠØ¨ÙŠ','Male','Saudi Arabia','966566000000.0','Ø§Ù„Ù‡Ø¯Ù‰','test'),('3','ÙØ±Ø§Ø³ Ø®Ø§Ù„Ø¯ Ø§Ø¨Ø±Ø§Ù‡ÙŠÙ… Ø§Ù„Ø¬Ø±ÙŠÙˆÙŠ','Male','Saudi Citizen','966500000000.0','Ø§Ù„ØªÙ‚ÙˆÙ‰','test'),('4','Ù…Ø­Ù…Ø¯ Ø§Ø¯Ù†','Male','India','nan','Ø§Ù„ÙØ¬Ø±','test'),('5','Ø§ÙŠÙ…Ù† Ø²Ù‡ÙŠØ± Ø­Ø³Ù†ÙŠ Ø±Ø¨Ø§ÙŠØ¹Ù‡','Male','Jordan','507778652.0','Ø§Ù„Ø®ÙŠØ±','test'),('6','Ø§Ù„Ø¨ØªÙˆÙ„ Ø§Ù„Ø¹Ù‚ÙŠÙ„','Female','Saudi Citizen','nan','Ø§Ù„ÙØ¬Ø±','test'),('7','Ù†ÙˆØ±Ù‡ Ø¨Ø§Ø³Ù„ Ø¹Ø¨Ø¯Ø§Ù„Ù‚Ø§Ø¯Ø± Ø§Ù„Ù…ÙƒÙŠÙ†Ø²ÙŠ','Female','Saudi Citizen','nan','Ø§Ù„Ø®ÙŠØ±','test'),('8','Ø¹Ø¨Ø¯Ø§Ù„Ø¹Ø²ÙŠØ² Ù…Ø­Ù…Ø¯ Ø¹Ø¨Ø¯Ø§Ù„Ø¹Ø²ÙŠØ² Ø§Ù„Ø¹ÙˆØ§Ø¯','Male','Saudi Arabia','nan','Ø§Ù„Ù‡Ø¯Ù‰','test'),('9','Ø¹Ù…Ø± Ù…Ù†ØµÙˆØ± Ø§Ø¨Ø±Ø§Ù‡ÙŠÙ… Ø§Ù„Ù…Ù†ØµÙˆØ±','Male','Saudi Citizen','966556000000.0','Ø§Ù„ÙØ¬Ø±','test'),('10','Ø±ØºØ¯ Ø·Ø§Ù„Ø¨','Female','Saudi Citizen','nan','Ø§Ù„ÙØ¬Ø±','test'),('11','Ø¹Ù„ÙŠ Ø§Ù„Ù†Ø¬Ø±Ø§Ù†ÙŠ','Male','Saudi Arabia','nan','Ø§Ù„ØªÙ‚ÙˆÙ‰','test'),('12','Ø§Ù„Ø¨Ø±Ø§Ø¡ Ø§ÙŠÙ…Ù† ØµØ§Ù„Ø­ Ø¨Ø§Ø¬Ù†ÙŠØ¯','Male','Saudi Citizen','nan','Ø§Ù„Ø®ÙŠØ±','test'),('13','Ø¹Ø¨Ø¯Ø§Ù„Ø¹Ø²ÙŠØ² Ø¹Ø¨Ø¯Ø§Ù„Ù…Ø¬ÙŠØ¯ Ø¹Ø¨Ø¯Ø§Ù„Ø¹Ø²ÙŠØ² Ø§Ù„Ø¬Ø±ÙŠÙˆÙŠ','Male','Saudi Citizen','nan','Ø§Ù„Ù‡Ø¯Ù‰','test'),('14','Ø¨Ù†Ø¯Ø± Ø¹Ø¨Ø¯Ø§Ù„Ø¹Ø²ÙŠØ² Ø¹Ù„ÙŠ Ø§Ù„ØºØ§Ù…Ø¯ÙŠ','Male','Saudi Citizen','966501000000.0','Ø§Ù„Ù‡Ø¯Ù‰','test'),('15','Ø§Ø­Ù…Ø¯ Ø­Ù…Ø¯ Ø¹Ø¨Ø¯Ø§Ù„Ù„Ù‡ Ø§Ù„Ù…Ø§Ø¬Ø¯','Male','Saudi Citizen','966506000000.0','Ø§Ù„Ù‡Ø¯Ù‰','test'),('16','Ø¹Ù„ÙŠ Ø§Ø­Ù…Ø¯ Ù‚Ø§Ø³Ù… Ø¨Ù† Ù†Ù‚ÙŠØ¨','Male','Yemen','966505000000.0','Ø§Ù„Ù‡Ø¯Ù‰','test'),('17','Ù†Ø§ØµØ± Ø§Ù„Ø·Ø±ÙŠÙÙŠ','Male','India','nan','Ø§Ù„Ù‡Ø¯Ù‰','test'),('18','Ù…Ø­Ù…Ø¯ Ø®Ø§Ù„Ø¯','Male','Bahraini','568888877.0','Ø§Ù„ØªÙ‚ÙˆÙ‰','test'),('19','Ù…Ù†ØµÙˆØ± Ø¹Ù„ÙŠ','Male','Saudi Citizen','568888878.0','Ø§Ù„Ù‡Ø¯Ù‰','test'),('20','Ø¹Ø§Ø¦Ø´Ø© Ø®Ø§Ù„Ø¯','Female','Yemen','568888879.0','Ø§Ù„Ù‡Ø¯Ù‰','test'),('21','Ø³Ù„Ø·Ø§Ù† Ø¹Ø¨Ø¯Ù„Ù„Ù‡','Male','India','568888880.0','Ø§Ù„Ù‡Ø¯Ù‰','test'),('22','Ø®Ø§Ù„Ø¯ Ù…Ø­Ù…Ø¯','Male','Bahraini','568888881.0','Ø§Ù„Ù‡Ø¯Ù‰','test'),('23','Ø¯Ø¹Ø§Ø¡ Ø®Ø§Ù„Ø¯','Female','Saudi Citizen','568888882.0','Ø§Ù„Ù‡Ø¯Ù‰','test'),('24','Ø³Ù„Ø·Ø§Ù† Ø±Ø§Ø¦Ø¯','Male','Saudi Citizen','568888883.0','Ø§Ù„Ù‡Ø¯Ù‰','test'),('25','Ø¹Ø¨Ø¯Ù„Ù„Ù‡ Ø±Ø§Ø¦Ø¯','Male','Saudi Citizen','568888884.0','Ø§Ù„Ù‡Ø¯Ù‰','test');
/*!40000 ALTER TABLE `Persons` ENABLE KEYS */;
UNLOCK TABLES;

--
-- Table structure for table `Pilgrim`
--

DROP TABLE IF EXISTS `Pilgrim`;
/*!40101 SET @saved_cs_client     = @@character_set_client */;
/*!40101 SET character_set_client = utf8 */;
CREATE TABLE `Pilgrim` (
  `Id` int(11) NOT NULL,
  `ThingId` varchar(64) NOT NULL,
  `AgentId` varchar(64) NOT NULL,
  `IdentificationNumber` varchar(50) CHARACTER SET utf8mb4 DEFAULT NULL,
  KEY `FK_Pilgrim_Things` (`AgentId`),
  KEY `FK_Pilgrim_Things1` (`ThingId`),
  CONSTRAINT `FK_Pilgrim_Things` FOREIGN KEY (`AgentId`) REFERENCES `Things` (`GUID`) ON DELETE NO ACTION ON UPDATE NO ACTION,
  CONSTRAINT `FK_Pilgrim_Things1` FOREIGN KEY (`ThingId`) REFERENCES `Things` (`GUID`) ON DELETE NO ACTION ON UPDATE NO ACTION
) ENGINE=InnoDB DEFAULT CHARSET=latin1;
/*!40101 SET character_set_client = @saved_cs_client */;

--
-- Dumping data for table `Pilgrim`
--

LOCK TABLES `Pilgrim` WRITE;
/*!40000 ALTER TABLE `Pilgrim` DISABLE KEYS */;
INSERT INTO `Pilgrim` VALUES (1,'1','1','1047169881'),(2,'2','2','1075390219'),(3,'3','4','1072044405'),(4,'4','3','2248435626'),(5,'5','1','2377910423'),(6,'6','3','1085791869'),(7,'7','1','1078213095'),(8,'8','2','1080138686'),(9,'9','3','1035086576'),(10,'10','3','1091313518'),(11,'11','4','1084590833'),(12,'12','1','1081619825'),(13,'13','2','1086187455'),(14,'14','2','1062807050'),(15,'15','2','1105005670'),(16,'16','2','2111304461'),(17,'17','2','1080466962'),(18,'18','4','109111111'),(19,'19','2','109111112'),(20,'20','2','109111113'),(21,'21','2','109111114'),(22,'22','2','109111115'),(23,'23','2','109111116'),(24,'24','2','109111117'),(25,'25','2','109111118');
/*!40000 ALTER TABLE `Pilgrim` ENABLE KEYS */;
UNLOCK TABLES;

--
-- Table structure for table `Things`
--

DROP TABLE IF EXISTS `Things`;
/*!40101 SET @saved_cs_client     = @@character_set_client */;
/*!40101 SET character_set_client = utf8 */;
CREATE TABLE `Things` (
  `Id` int(11) NOT NULL,
  `Trackable` tinyint(1) NOT NULL,
  `EMPTY` char(10) CHARACTER SET utf8mb4 DEFAULT NULL,
  `GUID` varchar(64) NOT NULL,
  PRIMARY KEY (`GUID`)
) ENGINE=InnoDB DEFAULT CHARSET=latin1;
/*!40101 SET character_set_client = @saved_cs_client */;

--
-- Dumping data for table `Things`
--

LOCK TABLES `Things` WRITE;
/*!40000 ALTER TABLE `Things` DISABLE KEYS */;
INSERT INTO `Things` VALUES (1,1,'test','1'),(10,10,'test','10'),(11,11,'test','11'),(12,12,'test','12'),(13,13,'test','13'),(14,14,'test','14'),(15,15,'test','15'),(16,16,'test','16'),(17,17,'test','17'),(18,18,'test','18'),(19,19,'test','19'),(2,2,'test','2'),(20,20,'test','20'),(21,21,'test','21'),(22,22,'test','22'),(23,23,'test','23'),(24,24,'test','24'),(25,25,'test','25'),(3,3,'test','3'),(4,4,'test','4'),(5,5,'test','5'),(6,6,'test','6'),(7,7,'test','7'),(8,8,'test','8'),(9,9,'test','9');
/*!40000 ALTER TABLE `Things` ENABLE KEYS */;
UNLOCK TABLES;

--
-- Table structure for table `Things_Devices`
--

DROP TABLE IF EXISTS `Things_Devices`;
/*!40101 SET @saved_cs_client     = @@character_set_client */;
/*!40101 SET character_set_client = utf8 */;
CREATE TABLE `Things_Devices` (
  `Id` int(11) NOT NULL,
  `ThingId` varchar(64) NOT NULL,
  `DeviceId` varchar(64) NOT NULL,
  `Active` tinyint(1) NOT NULL,
  KEY `FK_Things_Devices_Things` (`ThingId`),
  KEY `FK_Things_Devices_Devices` (`DeviceId`),
  CONSTRAINT `FK_Things_Devices_Devices` FOREIGN KEY (`DeviceId`) REFERENCES `Devices` (`GUID`) ON DELETE NO ACTION ON UPDATE NO ACTION,
  CONSTRAINT `FK_Things_Devices_Things` FOREIGN KEY (`ThingId`) REFERENCES `Things` (`GUID`) ON DELETE NO ACTION ON UPDATE NO ACTION
) ENGINE=InnoDB DEFAULT CHARSET=latin1;
/*!40101 SET character_set_client = @saved_cs_client */;

--
-- Dumping data for table `Things_Devices`
--

LOCK TABLES `Things_Devices` WRITE;
/*!40000 ALTER TABLE `Things_Devices` DISABLE KEYS */;
/*!40000 ALTER TABLE `Things_Devices` ENABLE KEYS */;
UNLOCK TABLES;

--
-- Table structure for table `Vehicle`
--

DROP TABLE IF EXISTS `Vehicle`;
/*!40101 SET @saved_cs_client     = @@character_set_client */;
/*!40101 SET character_set_client = utf8 */;
CREATE TABLE `Vehicle` (
  `ThingId` varchar(64) NOT NULL,
  `PlateId` varchar(50) CHARACTER SET utf8mb4 DEFAULT NULL,
  KEY `FK_Vehicle_Things` (`ThingId`),
  CONSTRAINT `FK_Vehicle_Things` FOREIGN KEY (`ThingId`) REFERENCES `Things` (`GUID`) ON DELETE NO ACTION ON UPDATE NO ACTION
) ENGINE=InnoDB DEFAULT CHARSET=latin1;
/*!40101 SET character_set_client = @saved_cs_client */;

--
-- Dumping data for table `Vehicle`
--

LOCK TABLES `Vehicle` WRITE;
/*!40000 ALTER TABLE `Vehicle` DISABLE KEYS */;
/*!40000 ALTER TABLE `Vehicle` ENABLE KEYS */;
UNLOCK TABLES;

--
-- Table structure for table `Watches`
--

DROP TABLE IF EXISTS `Watches`;
/*!40101 SET @saved_cs_client     = @@character_set_client */;
/*!40101 SET character_set_client = utf8 */;
CREATE TABLE `Watches` (
  `Id` int(11) NOT NULL,
  `DeviceId` varchar(64) NOT NULL,
  `FrimwareVersion` char(10) CHARACTER SET utf8mb4 DEFAULT NULL,
  `Manufacturer` char(10) CHARACTER SET utf8mb4 DEFAULT NULL,
  KEY `FK_Watches_Devices` (`DeviceId`),
  CONSTRAINT `FK_Watches_Devices` FOREIGN KEY (`DeviceId`) REFERENCES `Devices` (`GUID`) ON DELETE NO ACTION ON UPDATE NO ACTION
) ENGINE=InnoDB DEFAULT CHARSET=latin1;
/*!40101 SET character_set_client = @saved_cs_client */;

--
-- Dumping data for table `Watches`
--

LOCK TABLES `Watches` WRITE;
/*!40000 ALTER TABLE `Watches` DISABLE KEYS */;
/*!40000 ALTER TABLE `Watches` ENABLE KEYS */;
UNLOCK TABLES;

--
-- Table structure for table `device_info`
--

DROP TABLE IF EXISTS `device_info`;
/*!40101 SET @saved_cs_client     = @@character_set_client */;
/*!40101 SET character_set_client = utf8 */;
CREATE TABLE `device_info` (
  `deviceID` int(11) DEFAULT NULL,
  `agentName` varchar(100) DEFAULT NULL,
  `agentID` varchar(100) DEFAULT NULL
) ENGINE=InnoDB DEFAULT CHARSET=latin1;
/*!40101 SET character_set_client = @saved_cs_client */;

--
-- Dumping data for table `device_info`
--

LOCK TABLES `device_info` WRITE;
/*!40000 ALTER TABLE `device_info` DISABLE KEYS */;
INSERT INTO `device_info` VALUES (302,'alkhair','1'),(303,'alhuda','2'),(304,'alfajr','3'),(305,'altaqwa','4');
/*!40000 ALTER TABLE `device_info` ENABLE KEYS */;
UNLOCK TABLES;

--
-- Table structure for table `measurs`
--

DROP TABLE IF EXISTS `measurs`;
/*!40101 SET @saved_cs_client     = @@character_set_client */;
/*!40101 SET character_set_client = utf8 */;
CREATE TABLE `measurs` (
  `id` int(11) NOT NULL,
  `time_stamp` datetime DEFAULT NULL,
  `temp_unit` varchar(5) DEFAULT NULL,
  `temp_value` float DEFAULT NULL,
  `Humidity_unit` varchar(5) DEFAULT NULL,
  `Humidity_value` float DEFAULT NULL,
  `IAQ_unit` varchar(6) DEFAULT NULL,
  `IAQ_value` float DEFAULT NULL,
  `Pressure_unit` varchar(5) DEFAULT NULL,
  `Pressure_value` float DEFAULT NULL,
  PRIMARY KEY (`id`)
) ENGINE=InnoDB DEFAULT CHARSET=latin1;
/*!40101 SET character_set_client = @saved_cs_client */;

--
-- Dumping data for table `measurs`
--

LOCK TABLES `measurs` WRITE;
/*!40000 ALTER TABLE `measurs` DISABLE KEYS */;
INSERT INTO `measurs` VALUES (131,'2021-06-02 19:48:24','c',26.79,'%',21.973,'level',25,'Pa',93427),(132,'2021-06-03 22:40:12','c',27.79,'%',20.534,'level',25,'Pa',93578),(133,'2021-06-04 19:49:53','c',28.13,'%',21.443,'level',25,'Pa',93437),(134,'2021-06-04 23:48:26','c',26,'%',24.584,'level',25,'Pa',93423),(135,'2021-06-04 20:06:53','c',27.31,'%',24.26,'level',25,'Pa',93455),(136,'2021-06-05 14:44:19','c',30.26,'%',22.567,'level',25,'Pa',93174),(137,'2021-06-05 14:44:19','c',30.26,'%',22.567,'level',25,'Pa',93174),(138,'2021-06-05 16:13:12','c',29.33,'%',23.599,'level',25,'Pa',93114),(139,'2021-06-06 19:49:37','c',28.19,'%',19.394,'level',25,'Pa',93174),(140,'2021-06-06 20:20:14','c',27.51,'%',20.051,'level',25,'Pa',93186),(141,'2021-06-06 20:25:15','c',30.83,'%',17.716,'level',25,'Pa',93200),(142,'2021-06-06 20:30:17','c',30.99,'%',17.363,'level',25,'Pa',93200),(143,'2021-06-06 20:45:24','c',31.28,'%',17.059,'level',25,'Pa',93214),(144,'2021-06-07 01:04:19','c',27.06,'%',20.893,'level',25,'Pa',93249),(145,'2021-06-07 01:22:32','c',26.81,'%',22.444,'level',25,'Pa',93227),(146,'2021-06-07 01:33:17','c',34.53,'%',17.218,'level',25,'Pa',93255),(147,'2021-06-07 13:52:06','c',30.05,'%',21.586,'level',25,'Pa',93325),(148,'2021-06-07 13:52:45','c',30.69,'%',20.639,'level',25,'Pa',93333),(149,'2021-06-07 14:04:43','c',29.51,'%',22.735,'level',25,'Pa',93314),(150,'2021-06-07 14:19:04','c',28.67,'%',20.874,'level',25,'Pa',93306),(151,'1970-01-01 03:00:23','c',27.93,'%',21.085,'level',25,'Pa',93304),(152,'2021-06-07 14:34:55','c',29.09,'%',19.703,'level',25,'Pa',93294),(153,'2021-06-07 14:56:58','c',29.03,'%',19.63,'level',25,'Pa',93280),(154,'2021-06-07 15:25:48','c',33.15,'%',22.233,'level',25,'Pa',93267),(155,'2021-06-07 18:40:10','c',27.25,'%',22.603,'level',25,'Pa',93327),(156,'2021-06-07 19:06:29','c',27.28,'%',22.077,'level',25,'Pa',93351),(157,'2021-06-07 23:46:26','c',26.95,'%',20.981,'level',25,'Pa',93460),(158,'2021-06-08 01:13:04','c',29.4194,'%',17.7106,'level',29.5834,'Pa',93384),(159,'2021-06-08 14:34:15','c',27.3994,'%',26.4719,'level',25,'Pa',93374),(252,'2021-06-02 20:14:51','c',26.63,'%',22.549,'level',25,'Pa',93447),(253,'2021-06-03 20:21:04','c',29.53,'%',21.673,'level',25,'Pa',93523),(256,'2021-06-04 23:57:04','c',27.6,'%',23.136,'level',25,'Pa',93413),(258,'2021-06-05 14:44:19','c',30.26,'%',22.567,'level',25,'Pa',93174),(259,'2021-06-06 19:33:17','c',27.88,'%',19.941,'level',25,'Pa',93167),(260,'2021-06-07 13:37:29','c',29.38,'%',24.537,'level',25,'Pa',93343),(261,'2021-06-07 13:51:05','c',28.92,'%',23.271,'level',25,'Pa',93325),(262,'2021-06-07 13:54:53','c',31.17,'%',20.247,'level',25,'Pa',93333),(263,'2021-06-07 13:58:41','c',29.94,'%',21.65,'level',25,'Pa',93323),(264,'2021-06-07 14:08:58','c',29.14,'%',23.58,'level',25,'Pa',93308),(265,'2021-06-07 14:32:48','c',31.52,'%',18.098,'level',25,'Pa',93310),(266,'2021-06-07 14:35:15','c',29.22,'%',19.411,'level',25,'Pa',93294),(267,'2021-06-07 14:35:35','c',29.54,'%',18.955,'level',25,'Pa',93302),(268,'2021-06-07 14:35:56','c',29.73,'%',18.726,'level',25,'Pa',93298),(269,'2021-06-07 14:36:14','c',30.02,'%',18.416,'level',25,'Pa',93296),(270,'2021-06-07 14:36:30','c',30.25,'%',18.195,'level',25,'Pa',93300),(271,'2021-06-07 14:36:46','c',30.43,'%',17.87,'level',25,'Pa',93298),(272,'2021-06-07 15:36:07','c',29.54,'%',19.143,'level',25,'Pa',93257),(273,'2021-06-07 19:06:13','c',26.88,'%',22.856,'level',25,'Pa',93358),(274,'2021-06-07 23:55:46','c',28.12,'%',19.371,'level',25,'Pa',93464),(275,'2021-06-08 00:53:04','c',29.2994,'%',18.2616,'level',25,'Pa',93400),(276,'2021-06-08 01:03:04','c',29.2594,'%',18.0836,'level',25,'Pa',93390),(277,'2021-06-08 01:08:04','c',29.4194,'%',17.8446,'level',25,'Pa',93394),(278,'2021-06-08 01:18:04','c',29.4294,'%',17.7886,'level',116.221,'Pa',93382),(287,'2021-06-08 14:24:17','c',24.08,'%',32.366,'level',25,'Pa',93376),(288,'2021-06-08 14:39:15','c',27.5094,'%',26.4429,'level',25,'Pa',93376),(303,'2021-06-03 18:04:23','c',26.34,'%',23.783,'level',25,'Pa',93396),(304,'2021-06-04 19:42:30','c',27.26,'%',23.739,'level',25,'Pa',93431),(305,'2021-06-04 20:06:53','c',27.31,'%',24.26,'level',25,'Pa',93455),(306,'2021-06-04 20:06:53','c',27.31,'%',24.26,'level',25,'Pa',93455),(307,'2021-06-05 14:44:19','c',30.26,'%',22.567,'level',25,'Pa',93174),(308,'2021-06-06 12:26:29','c',28.31,'%',20.231,'level',25,'Pa',93241),(309,'2021-06-06 20:35:20','c',31.21,'%',17.101,'level',25,'Pa',93204),(310,'2021-06-06 20:50:24','c',31.29,'%',17.173,'level',25,'Pa',93214),(311,'2021-06-06 21:01:31','c',27.38,'%',20.357,'level',25,'Pa',93231),(312,'2021-06-07 00:36:10','c',27.61,'%',24.929,'level',25,'Pa',93255),(313,'2021-06-07 13:11:44','c',28.02,'%',24.587,'level',25,'Pa',93347),(314,'2021-06-07 13:40:28','c',29.86,'%',22.636,'level',25,'Pa',93339),(315,'2021-06-07 13:51:26','c',29.21,'%',22.42,'level',25,'Pa',93327),(316,'2021-06-07 13:51:46','c',29.64,'%',22.406,'level',25,'Pa',93329),(317,'2021-06-07 13:52:25','c',30.39,'%',21.045,'level',25,'Pa',93329),(318,'2021-06-07 13:53:22','c',31.18,'%',20.232,'level',25,'Pa',93337),(319,'2021-06-07 13:55:10','c',31.22,'%',20.184,'level',25,'Pa',93333),(320,'2021-06-07 14:43:49','c',28.23,'%',20.482,'level',25,'Pa',93284),(321,'2021-06-07 15:35:34','c',28.87,'%',20.925,'level',25,'Pa',93265),(322,'2021-06-07 15:35:52','c',29.11,'%',19.771,'level',25,'Pa',93257),(323,'2021-06-07 18:37:48','c',26.39,'%',23.508,'level',25,'Pa',93320),(324,'2021-06-07 20:55:09','c',26.7,'%',22.539,'level',25,'Pa',93462),(325,'2021-06-07 21:00:32','c',28.51,'%',20.498,'level',25,'Pa',93470),(326,'2021-06-07 21:06:36','c',27.67,'%',20.908,'level',25,'Pa',93474),(327,'2021-06-07 23:46:43','c',27.26,'%',20.396,'level',25,'Pa',93460),(328,'2021-06-07 23:53:53','c',27.46,'%',20.288,'level',25,'Pa',93466),(329,'2021-06-08 00:48:04','c',29.0694,'%',18.2536,'level',25,'Pa',93407),(330,'2021-06-08 00:58:04','c',29.3994,'%',18.1186,'level',25,'Pa',93396),(331,'2021-06-08 14:29:15','c',26.9194,'%',27.0949,'level',25,'Pa',93376),(332,'2021-06-08 14:44:15','c',27.5594,'%',26.3409,'level',25,'Pa',93366),(600,'2021-06-06 12:27:17','c',29.03,'%',18.645,'level',25,'Pa',93243),(601,'2021-06-06 13:58:04','c',29.57,'%',21.905,'level',25,'Pa',93171),(602,'2021-06-06 19:48:19','c',28.09,'%',18.395,'level',25,'Pa',93172),(603,'2021-06-06 20:40:19','c',31.26,'%',17.001,'level',25,'Pa',93210),(604,'2021-06-06 23:10:40','c',25.27,'%',24.458,'level',25,'Pa',93286),(605,'2021-06-07 08:40:50','c',25.7,'%',25.446,'level',25,'Pa',93488),(606,'2021-06-07 13:28:34','c',29.47,'%',23.859,'level',25,'Pa',93351),(607,'2021-06-07 13:40:12','c',29.61,'%',24.29,'level',25,'Pa',93341),(608,'2021-06-07 13:53:03','c',30.92,'%',20.541,'level',25,'Pa',93329),(609,'2021-06-07 13:53:40','c',31.39,'%',19.799,'level',25,'Pa',93335),(610,'2021-06-07 14:04:23','c',29.26,'%',24.192,'level',25,'Pa',93318),(611,'2021-06-07 14:15:44','c',28.65,'%',22.05,'level',25,'Pa',93310),(612,'2021-06-07 18:37:32','c',26.01,'%',24.525,'level',25,'Pa',93327),(613,'2021-06-07 23:54:13','c',27.78,'%',19.727,'level',25,'Pa',93468),(614,'2021-06-08 00:43:10','c',27.78,'%',19.481,'level',25,'Pa',93407);
/*!40000 ALTER TABLE `measurs` ENABLE KEYS */;
UNLOCK TABLES;

--
-- Table structure for table `sysdiagrams`
--

DROP TABLE IF EXISTS `sysdiagrams`;
/*!40101 SET @saved_cs_client     = @@character_set_client */;
/*!40101 SET character_set_client = utf8 */;
CREATE TABLE `sysdiagrams` (
  `name` varchar(160) NOT NULL,
  `principal_id` int(11) NOT NULL,
  `diagram_id` int(11) NOT NULL,
  `version` int(11) DEFAULT NULL,
  `definition` longblob,
  PRIMARY KEY (`diagram_id`),
  UNIQUE KEY `UK_principal_name` (`principal_id`,`name`)
) ENGINE=InnoDB DEFAULT CHARSET=latin1;
/*!40101 SET character_set_client = @saved_cs_client */;

--
-- Dumping data for table `sysdiagrams`
--

LOCK TABLES `sysdiagrams` WRITE;
/*!40000 ALTER TABLE `sysdiagrams` DISABLE KEYS */;
INSERT INTO `sysdiagrams` VALUES ('Diagram_0',1,1,1,'ÐÏà¡±\Zá\0\0\0\0\0\0\0\0\0\0\0\0\0\0\0\0>\0\0þÿ	\0\0\0\0\0\0\0\0\0\0\0\0\0\0\0\0\0\0\0\0\0\0\0\0\0a\0\0\0\0\0\0þÿÿÿ\0\0\0\0\0\0\0\0ÿÿÿÿÿÿÿÿÿÿÿÿÿÿÿÿÿÿÿÿÿÿÿÿÿÿÿÿÿÿÿÿÿÿÿÿÿÿÿÿÿÿÿÿÿÿÿÿÿÿÿÿÿÿÿÿÿÿÿÿÿÿÿÿÿÿÿÿÿÿÿÿÿÿÿÿÿÿÿÿÿÿÿÿÿÿÿÿÿÿÿÿÿÿÿÿÿÿÿÿÿÿÿÿÿÿÿÿÿÿÿÿÿÿÿÿÿÿÿÿÿÿÿÿÿÿÿÿÿÿÿÿÿÿÿÿÿÿÿÿÿÿÿÿÿÿÿÿÿÿÿÿÿÿÿÿÿÿÿÿÿÿÿÿÿÿÿÿÿÿÿÿÿÿÿÿÿÿÿÿÿÿÿÿÿÿÿÿÿÿÿÿÿÿÿÿÿÿÿÿÿÿÿÿÿÿÿÿÿÿÿÿÿÿÿÿÿÿÿÿÿÿÿÿÿÿÿÿÿÿÿÿÿÿÿÿÿÿÿÿÿÿÿÿÿÿÿÿÿÿÿÿÿÿÿÿÿÿÿÿÿÿÿÿÿÿÿÿÿÿÿÿÿÿÿÿÿÿÿÿÿÿÿÿÿÿÿÿÿÿÿÿÿÿÿÿÿÿÿÿÿÿÿÿÿÿÿÿÿÿÿÿÿÿÿÿÿÿÿÿÿÿÿÿÿÿÿÿÿÿÿÿÿÿÿÿÿÿÿÿÿÿÿÿÿÿÿÿÿÿÿÿÿÿÿÿÿÿÿÿÿÿÿÿÿÿÿÿÿÿÿÿÿÿÿÿÿÿÿÿÿÿÿÿÿÿÿÿÿÿÿÿÿÿÿÿÿÿÿÿÿÿÿÿÿÿÿÿÿÿÿÿÿÿÿÿÿÿÿÿÿÿÿÿÿÿÿÿÿÿÿÿýÿÿÿe\0\0\0\0\0\0\0\0\0\0\0\0\0\0\0\0\0\0\0\0\0	\0\0\0\n\0\0\0\0\0\0\0\0\0\r\0\0\0\0\0\0\0\0\0\0\0\0\0\0\0\0\0\0\0\0\0\0\0\0\0\0\0\0\0\0\0\0\0\0\0\0\0\0\0\Z\0\0\0\0\0\0\0\0\0\0\0\0\0\0\0\0\0\0 \0\0\0!\0\0\0\"\0\0\0#\0\0\0$\0\0\0%\0\0\0&\0\0\0\'\0\0\0(\0\0\0)\0\0\0*\0\0\0+\0\0\0,\0\0\0-\0\0\0.\0\0\0/\0\0\00\0\0\01\0\0\02\0\0\03\0\0\04\0\0\05\0\0\06\0\0\07\0\0\08\0\0\09\0\0\0:\0\0\0;\0\0\0<\0\0\0=\0\0\0>\0\0\0?\0\0\0@\0\0\0A\0\0\0B\0\0\0C\0\0\0D\0\0\0E\0\0\0F\0\0\0G\0\0\0H\0\0\0I\0\0\0J\0\0\0K\0\0\0L\0\0\0M\0\0\0N\0\0\0O\0\0\0P\0\0\0Q\0\0\0R\0\0\0S\0\0\0T\0\0\0U\0\0\0V\0\0\0W\0\0\0X\0\0\0Y\0\0\0Z\0\0\0[\0\0\0\\\0\0\0]\0\0\0^\0\0\0_\0\0\0`\0\0\0þÿÿÿþÿÿÿc\0\0\0d\0\0\0þÿÿÿþÿÿÿÿÿÿÿÿÿÿÿÿÿÿÿÿÿÿÿÿÿÿÿÿÿÿÿÿÿÿÿÿÿÿÿÿÿÿÿÿÿÿÿÿÿÿÿÿÿÿÿÿÿÿÿÿÿÿÿÿÿÿÿÿÿÿÿÿÿÿÿÿÿÿÿÿÿÿÿÿÿÿÿÿÿÿÿÿÿÿÿÿÿÿÿÿÿÿÿÿÿÿÿÿÿÿÿR\0o\0o\0t\0 \0E\0n\0t\0r\0y\0\0\0\0\0\0\0\0\0\0\0\0\0\0\0\0\0\0\0\0\0\0\0\0\0\0\0\0\0\0\0\0\0\0\0\0\0\0\0\0\0\0\0\0\0\0\0ÿÿÿÿÿÿÿÿ\0\0\0\0\0\0\0\0\0\0\0\0\0\0\0\0\0\0\0\0\0\0\0\0\0\0\0\0\0\0\0p5ëôvÖb\0\0\0À\0\0\0\0\0\0D\0d\0s\0X\0M\0L\0S\0t\0r\0e\0a\0m\0\0\0\0\0\0\0\0\0\0\0\0\0\0\0\0\0\0\0\0\0\0\0\0\0\0\0\0\0\0\0\0\0\0\0\0\0\0\0\0\0\Z\0ÿÿÿÿÿÿÿÿÿÿÿÿ\0\0\0\0\0\0\0\0\0\0\0\0\0\0\0\0\0\0\0\0\0\0\0\0\0\0\0\0\0\0\0\0\0\0\0\0\0\0\0u¼\0\0\0\0\0\0S\0c\0h\0e\0m\0a\0 \0U\0D\0V\0 \0D\0e\0f\0a\0u\0l\0t\0\0\0\0\0\0\0\0\0\0\0\0\0\0\0\0\0\0\0\0\0\0\0\0\0\0\0\0\0&\0\0\0\0\0\0\0ÿÿÿÿ\0\0\0\0\0\0\0\0\0\0\0\0\0\0\0\0\0\0\0\0\0\0\0\0\0\0\0\0\0\0\0\0\0\0\0\0\0\0\0\0\0\0\0\0\0\0\0D\0S\0R\0E\0F\0-\0S\0C\0H\0E\0M\0A\0-\0C\0O\0N\0T\0E\0N\0T\0S\0\0\0\0\0\0\0\0\0\0\0\0\0\0\0\0\0\0\0\0\0\0\0,\0ÿÿÿÿ\0\0\0ÿÿÿÿ\0\0\0\0\0\0\0\0\0\0\0\0\0\0\0\0\0\0\0\0\0\0\0\0\0\0\0\0\0\0\0\0\0\0\0\0\0\0\0>\0\0\0\0\0\0<dds><diagram fontclsid=\"{77D2C92D-7779-11D8-9070-00065B840D9C}\" mouseiconclsid=\"{0BE35204-8F91-11CE-9DE3-00AA004BB851}\" defaultlayout=\"MSDDS.Rectilinear\" defaultlineroute=\"MSDDS.Rectilinear\" version=\"7\" nextobject=\"33\" scale=\"100\" pagebreakanchorx=\"0\" pagebreakanchory=\"0\" pagebreaksizex=\"0\" pagebreaksizey=\"0\" scrollleft=\"-10815\" scrolltop=\"-2066\" gridx=\"150\" gridy=\"150\" marginx=\"5000\" marginy=\"5000\" zoom=\"80\" x=\"46969\" y=\"25167\" backcolor=\"-2147483643\" defaultpersistence=\"3\" PrintPageNumbersMode=\"3\" PrintMarginTop=\"0\" PrintMarginBottom=\"635\" PrintMarginLeft=\"0\" PrintMarginRight=\"0\" marqueeselectionmode=\"1\" mousepointer=\"0\" snaptogrid=\"1\" autotypeannotation=\"1\" showscrollbars=\"1\" viewpagebreaks=\"0\" donotforceconnectorsbehindshapes=\"1\"><font><ddsxmlobjectstreamwrapper binary=\"000008003000000000020000\"/></font><mouseicon><ddsxmlobjectstreamwrapper binary=\"6c74000000000000\"/></mouseicon></diagram><layoutmanager><ddsxmlobj><property name=\"sch_labels_visible\" value=\"0\" vartype=\"11\"/></ddsxmlobj></layoutmanager><ddscontrol controlprogid=\"{623AC075-2C77-4873-883D-930B4364B4BC}\" tooltip=\"ComarchWatchLog\" left=\"18450\" top=\"19500\" logicalid=\"1\" controlid=\"1\" masterid=\"0\" hint1=\"0\" hint2=\"0\" width=\"6858\" height=\"3492\" noresize=\"0\" nomove=\"0\" nodefaultattachpoints=\"0\" autodrag=\"0\" usedefaultiddshape=\"0\" selectable=\"1\" showselectionhandles=\"0\" allownudging=\"1\" isannotation=\"0\" dontautolayout=\"0\" groupcollapsed=\"0\" tabstop=\"1\" visible=\"1\" snaptogrid=\"1\"><control><ddsxmlobjectstreaminitwrapper binary=\"2143341208000000ca1a0000a40d000078563412070000001401000043006f006d006100720063006800570061007400630068004c006f00670000000000803f0000803fd7d6563fdcdb5b3feae9693f0000803f2f004d006900630072006f0073006f00660074002000530051004c00200053006500720076006500720020004d0061006e006100670065006d0065006e0074002000530074007500640069006f002000310038002f0043006f006d006d006f006e0037002f004900440045002f0065006e002d00550053002f004d006900630072006f0073006f00660074002e00560069007300750061006c00530074007500640069006f002e0050006c006100740066006f007200000000000000000000000100000005000000540000002c0000002c0000002c00000034000000000000000000000083330000c1140000000000002d010000070000000c000000070000001c010000940b0000780900006003000038040000e80200005406000048060000cc03000048060000f80700007c0500000000000001000000ca1a0000a40d000000000000040000000400000002000000020000001c010000800d000000000000010000007b1700002005000000000000010000000100000002000000020000001c010000940b000001000000000000007b170000e502000000000000000000000000000002000000020000001c010000940b00000000000000000000ac3e00002622000000000000000000000d00000004000000040000001c010000940b0000b00d00007008000078563412040000006800000001000000010000000b000000000000000100000002000000030000000400000005000000060000000700000008000000090000000a00000004000000640062006f0000001000000043006f006d006100720063006800570061007400630068004c006f0067000000\"/></control><layoutobject><ddsxmlobj><property name=\"ActiveTableViewMode\" value=\"1\" vartype=\"8\"/><property name=\"TableViewMode:0\" value=\"4,0,284,0,2964,1,2424,5,1620\" vartype=\"8\"/><property name=\"TableViewMode:1\" value=\"2,0,284,0,3456\" vartype=\"8\"/><property name=\"TableViewMode:2\" value=\"2,0,284,0,2964\" vartype=\"8\"/><property name=\"TableViewMode:3\" value=\"2,0,284,0,2964\" vartype=\"8\"/><property name=\"TableViewMode:4\" value=\"4,0,284,0,2964,12,3504,11,2160\" vartype=\"8\"/></ddsxmlobj></layoutobject><shape groupshapeid=\"0\" groupnode=\"0\"/></ddscontrol><ddscontrol controlprogid=\"{623AC075-2C77-4873-883D-930B4364B4BC}\" tooltip=\"Devices\" left=\"9300\" top=\"16200\" logicalid=\"2\" controlid=\"2\" masterid=\"0\" hint1=\"0\" hint2=\"0\" width=\"6858\" height=\"4085\" noresize=\"0\" nomove=\"0\" nodefaultattachpoints=\"0\" autodrag=\"0\" usedefaultiddshape=\"0\" selectable=\"1\" showselectionhandles=\"0\" allownudging=\"1\" isannotation=\"0\" dontautolayout=\"0\" groupcollapsed=\"0\" tabstop=\"1\" visible=\"1\" snaptogrid=\"1\"><control><ddsxmlobjectstreaminitwrapper binary=\"2143341208000000ca1a0000f50f0000785634120700000014010000440065007600690063006500730000006001000000000000000000000c0000000200000003000000040000000400000000000000000000000c00000000000000000000000100000004000000000000000c0000009400000002000000000000000600000004000000000000000c000000b70000000000000000000000070000000400000000000000d6000000e20000000200000000000000060000000400000000000000d6000000f20000000000000000000000070000000400000000000000ff0000000b0100000200000000000000060000000400000000000000ff0000001b01000000000000000000000700000000000000000000000100000005000000540000002c0000002c0000002c00000034000000000000000000000083330000c1140000000000002d010000070000000c000000070000001c010000940b0000780900006003000038040000e80200005406000048060000cc03000048060000f80700007c0500000000000001000000ca1a0000f50f000000000000050000000500000002000000020000001c010000800d000000000000010000007b1700005c07000000000000020000000200000002000000020000001c010000940b000001000000000000007b170000e502000000000000000000000000000002000000020000001c010000940b00000000000000000000ac3e00002622000000000000000000000d00000004000000040000001c010000940b0000b00d00007008000078563412040000005800000001000000010000000b000000000000000100000002000000030000000400000005000000060000000700000008000000090000000a00000004000000640062006f0000000800000044006500760069006300650073000000\"/></control><layoutobject><ddsxmlobj><property name=\"ActiveTableViewMode\" value=\"1\" vartype=\"8\"/><property name=\"TableViewMode:0\" value=\"4,0,284,0,2964,1,2424,5,1620\" vartype=\"8\"/><property name=\"TableViewMode:1\" value=\"2,0,284,0,3456\" vartype=\"8\"/><property name=\"TableViewMode:2\" value=\"2,0,284,0,2964\" vartype=\"8\"/><property name=\"TableViewMode:3\" value=\"2,0,284,0,2964\" vartype=\"8\"/><property name=\"TableViewMode:4\" value=\"4,0,284,0,2964,12,3504,11,2160\" vartype=\"8\"/></ddsxmlobj></layoutobject><shape groupshapeid=\"0\" groupnode=\"0\"/></ddscontrol><ddscontrol semanticcookie=\"0148596301000000640062006f00000046004b005f0043006f006d006100720063006800570061007400630068004c006f0067005f0044006500760069006300650073000000\" controlprogid=\"MSDDS.Polyline.080.1\" tooltip=\"Relationship \'FK_ComarchWatchLog_Devices\' between \'Devices\' and \'ComarchWatchLog\'\" left=\"15858\" top=\"18043\" logicalid=\"3\" controlid=\"3\" masterid=\"0\" hint1=\"0\" hint2=\"0\" width=\"2892\" height=\"3637\" noresize=\"0\" nomove=\"0\" nodefaultattachpoints=\"1\" autodrag=\"0\" usedefaultiddshape=\"0\" selectable=\"1\" showselectionhandles=\"0\" allownudging=\"1\" isannotation=\"0\" dontautolayout=\"0\" groupcollapsed=\"0\" tabstop=\"1\" visible=\"1\" snaptogrid=\"0\"><control><ddsxmlobj><polyline endtypedst=\"0\" endtypesrc=\"2\" usercolor=\"15790320\" linestyle=\"0\" linerender=\"0\" customendtypedstid=\"0\" customendtypesrcid=\"0\" adornsvisible=\"1\"><adornment percentpos=\"50.0611246943765\" controlid=\"4\" width=\"4107\" height=\"339\" side=\"1\" behavior=\"3\" himetric=\"2574\" distfromline=\"175\" startobj=\"0\" x=\"18153\" y=\"18690\" visible=\"0\" allowoverlap=\"1\" usepercent=\"1\"/></polyline></ddsxmlobj></control><layoutobject><ddsxmlobj/></layoutobject><connector sourceid=\"2\" destid=\"1\" sourceattachpoint=\"117\" destattachpoint=\"110\" segmenteditmode=\"0\" bendpointeditmode=\"0\" bendpointvisibility=\"0\" relatedid=\"0\" virtual=\"0\"><point x=\"16158\" y=\"18450\"/><point x=\"17978\" y=\"18450\"/><point x=\"17978\" y=\"21300\"/><point x=\"18450\" y=\"21300\"/></connector></ddscontrol><ddscontrol semanticcookie=\"0138a4312038a431\" controlprogid=\"MSDDS.Text.080.1\" left=\"18153\" top=\"18690\" logicalid=\"4\" controlid=\"4\" masterid=\"3\" hint1=\"0\" hint2=\"0\" width=\"4107\" height=\"339\" noresize=\"1\" nomove=\"0\" nodefaultattachpoints=\"1\" autodrag=\"1\" usedefaultiddshape=\"1\" selectable=\"1\" showselectionhandles=\"1\" allownudging=\"1\" isannotation=\"0\" dontautolayout=\"1\" groupcollapsed=\"0\" tabstop=\"0\" visible=\"0\" snaptogrid=\"0\"><control><ddsxmlobjectstreaminitwrapper binary=\"000200000b100000530100000300000000000500008008000080010000001500010000009001b0300100065461686f6d611a0046004b005f0043006f006d006100720063006800570061007400630068004c006f0067005f00440065007600690063006500730000000000\"/></control><layoutobject><ddsxmlobj/></layoutobject><shape groupshapeid=\"0\" groupnode=\"0\"/></ddscontrol><ddscontrol controlprogid=\"{623AC075-2C77-4873-883D-930B4364B4BC}\" tooltip=\"Locations\" left=\"23100\" top=\"7950\" logicalid=\"5\" controlid=\"5\" masterid=\"0\" hint1=\"0\" hint2=\"0\" width=\"6858\" height=\"2900\" noresize=\"0\" nomove=\"0\" nodefaultattachpoints=\"0\" autodrag=\"0\" usedefaultiddshape=\"0\" selectable=\"1\" showselectionhandles=\"0\" allownudging=\"1\" isannotation=\"0\" dontautolayout=\"0\" groupcollapsed=\"0\" tabstop=\"1\" visible=\"1\" snaptogrid=\"1\"><control><ddsxmlobjectstreaminitwrapper binary=\"2143341208000000ca1a0000540b00007856341207000000140100004c006f0063006100740069006f006e0073000000d0cf4f3fd7d6563fe6e5653f0000803f0000803fd0cf4f3fd7d6563fe6e5653f0000803f0d0000000300000003000000040000000800000000000000000000000d0000000400000003000000040000000400000000000000000000000d00000000000000000000000100000004000000000000000d0000003d00000001000000000000000300000004000000000000000d000000400000000300000003000000050000000c000000000000000d0000004b00000002000000030000000500000010000000000000000d0000004b00000004000000030000000500000000000000000000000100000005000000540000002c0000002c0000002c00000034000000000000000000000083330000c1140000000000002d010000070000000c000000070000001c010000940b0000780900006003000038040000e80200005406000048060000cc03000048060000f80700007c0500000000000001000000ca1a0000540b000000000000030000000300000002000000020000001c010000680d000000000000010000007b1700002005000000000000010000000100000002000000020000001c010000940b000001000000000000007b170000e502000000000000000000000000000002000000020000001c010000940b00000000000000000000ac3e00002622000000000000000000000d00000004000000040000001c010000940b0000b00d00007008000078563412040000005c00000001000000010000000b000000000000000100000002000000030000000400000005000000060000000700000008000000090000000a00000004000000640062006f0000000a0000004c006f0063006100740069006f006e0073000000\"/></control><layoutobject><ddsxmlobj><property name=\"ActiveTableViewMode\" value=\"1\" vartype=\"8\"/><property name=\"TableViewMode:0\" value=\"4,0,284,0,2964,1,2424,5,1620\" vartype=\"8\"/><property name=\"TableViewMode:1\" value=\"2,0,284,0,3432\" vartype=\"8\"/><property name=\"TableViewMode:2\" value=\"2,0,284,0,2964\" vartype=\"8\"/><property name=\"TableViewMode:3\" value=\"2,0,284,0,2964\" vartype=\"8\"/><property name=\"TableViewMode:4\" value=\"4,0,284,0,2964,12,3504,11,2160\" vartype=\"8\"/></ddsxmlobj></layoutobject><shape groupshapeid=\"0\" groupnode=\"0\"/></ddscontrol><ddscontrol controlprogid=\"{623AC075-2C77-4873-883D-930B4364B4BC}\" tooltip=\"Logs\" left=\"9300\" top=\"22650\" logicalid=\"6\" controlid=\"6\" masterid=\"0\" hint1=\"0\" hint2=\"0\" width=\"6858\" height=\"2900\" noresize=\"0\" nomove=\"0\" nodefaultattachpoints=\"0\" autodrag=\"0\" usedefaultiddshape=\"0\" selectable=\"1\" showselectionhandles=\"0\" allownudging=\"1\" isannotation=\"0\" dontautolayout=\"0\" groupcollapsed=\"0\" tabstop=\"1\" visible=\"1\" snaptogrid=\"1\"><control><ddsxmlobjectstreaminitwrapper binary=\"2143341208000000ca1a0000540b00007856341207000000140100004c006f006700730000009563909d9563209f956380a19563000000000a0000000200000003000000040000000c00000000000000000000000a00000049000000f461872b0461872b0000000000000000000000000c000000040000000300000049000000fc61872b1061872b0000000000000000000000000c000000010000000400000049000000ec61872b1c61872b00000000000000000000000008000000000000000a000000490000002862872b2861872b000000000000000000000000080000002400000002000000490000000462872b3461872b00000000000000000000000008000000030000000500000000000000000000000100000005000000540000002c0000002c0000002c00000034000000000000000000000083330000c1140000000000002d010000070000000c000000070000001c010000940b0000780900006003000038040000e80200005406000048060000cc03000048060000f80700007c0500000000000001000000ca1a0000540b000000000000030000000300000002000000020000001c010000800d000000000000010000007b1700002005000000000000010000000100000002000000020000001c010000940b000001000000000000007b170000e502000000000000000000000000000002000000020000001c010000940b00000000000000000000ac3e00002622000000000000000000000d00000004000000040000001c010000940b0000b00d00007008000078563412040000005200000001000000010000000b000000000000000100000002000000030000000400000005000000060000000700000008000000090000000a00000004000000640062006f000000050000004c006f00670073000000\"/></control><layoutobject><ddsxmlobj><property name=\"ActiveTableViewMode\" value=\"1\" vartype=\"8\"/><property name=\"TableViewMode:0\" value=\"4,0,284,0,2964,1,2424,5,1620\" vartype=\"8\"/><property name=\"TableViewMode:1\" value=\"2,0,284,0,3456\" vartype=\"8\"/><property name=\"TableViewMode:2\" value=\"2,0,284,0,2964\" vartype=\"8\"/><property name=\"TableViewMode:3\" value=\"2,0,284,0,2964\" vartype=\"8\"/><property name=\"TableViewMode:4\" value=\"4,0,284,0,2964,12,3504,11,2160\" vartype=\"8\"/></ddsxmlobj></layoutobject><shape groupshapeid=\"0\" groupnode=\"0\"/></ddscontrol><ddscontrol semanticcookie=\"019e636301000000640062006f00000046004b005f004c006f00670073005f0044006500760069006300650073000000\" controlprogid=\"MSDDS.Polyline.080.1\" tooltip=\"Relationship \'FK_Logs_Devices\' between \'Devices\' and \'Logs\'\" left=\"12343\" top=\"19590\" logicalid=\"7\" controlid=\"7\" masterid=\"0\" hint1=\"0\" hint2=\"0\" width=\"815\" height=\"3760\" noresize=\"0\" nomove=\"0\" nodefaultattachpoints=\"1\" autodrag=\"0\" usedefaultiddshape=\"0\" selectable=\"1\" showselectionhandles=\"0\" allownudging=\"1\" isannotation=\"0\" dontautolayout=\"0\" groupcollapsed=\"0\" tabstop=\"1\" visible=\"1\" snaptogrid=\"0\"><control><ddsxmlobj><polyline endtypedst=\"0\" endtypesrc=\"2\" usercolor=\"15790320\" linestyle=\"0\" linerender=\"0\" customendtypedstid=\"0\" customendtypesrcid=\"0\" adornsvisible=\"1\"><adornment percentpos=\"27.6383526383526\" controlid=\"8\" width=\"2237\" height=\"339\" side=\"1\" behavior=\"3\" himetric=\"653\" distfromline=\"175\" startobj=\"0\" x=\"12925\" y=\"20844\" visible=\"0\" allowoverlap=\"1\" usepercent=\"1\"/></polyline></ddsxmlobj></control><layoutobject><ddsxmlobj/></layoutobject><connector sourceid=\"2\" destid=\"6\" sourceattachpoint=\"45\" destattachpoint=\"44\" segmenteditmode=\"0\" bendpointeditmode=\"0\" bendpointvisibility=\"0\" relatedid=\"0\" virtual=\"0\"><point x=\"12750\" y=\"20285\"/><point x=\"12750\" y=\"22650\"/></connector></ddscontrol><ddscontrol semanticcookie=\"0136a431a036a431\" controlprogid=\"MSDDS.Text.080.1\" left=\"12925\" top=\"20844\" logicalid=\"8\" controlid=\"8\" masterid=\"7\" hint1=\"0\" hint2=\"0\" width=\"2237\" height=\"339\" noresize=\"1\" nomove=\"0\" nodefaultattachpoints=\"1\" autodrag=\"1\" usedefaultiddshape=\"1\" selectable=\"1\" showselectionhandles=\"1\" allownudging=\"1\" isannotation=\"0\" dontautolayout=\"1\" groupcollapsed=\"0\" tabstop=\"0\" visible=\"0\" snaptogrid=\"0\"><control><ddsxmlobjectstreaminitwrapper binary=\"00020000bd080000530100000300000000000500008008000080010000001500010000009001b0300100065461686f6d610f0046004b005f004c006f00670073005f00440065007600690063006500730000000000\"/></control><layoutobject><ddsxmlobj/></layoutobject><shape groupshapeid=\"0\" groupnode=\"0\"/></ddscontrol><ddscontrol controlprogid=\"{623AC075-2C77-4873-883D-930B4364B4BC}\" tooltip=\"Persons\" left=\"13950\" top=\"0\" logicalid=\"9\" controlid=\"9\" masterid=\"0\" hint1=\"0\" hint2=\"0\" width=\"6858\" height=\"5270\" noresize=\"0\" nomove=\"0\" nodefaultattachpoints=\"0\" autodrag=\"0\" usedefaultiddshape=\"0\" selectable=\"1\" showselectionhandles=\"0\" allownudging=\"1\" isannotation=\"0\" dontautolayout=\"0\" groupcollapsed=\"0\" tabstop=\"1\" visible=\"1\" snaptogrid=\"1\"><control><ddsxmlobjectstreaminitwrapper binary=\"2143341208000000ca1a00009614000078563412070000001401000050006500720073006f006e0073000000000000000600000020000000900100000000000078000000780000002000fdff1f002000000000270000000000020b06040305040402042a4000000008000000010000000000000000000000000800000a000000fdffffff000000000700000003000000f8ffffff0d00000018000000fbffffff0d000000fdffffff00000000090000000900000008000000000000000200000009000000080000000000000006000000010000000400000001000000ffffffffd8000000e6000000f4000000040100005400610068006f006d00610000005400610068006f006d006100000000000000000000000100000005000000540000002c0000002c0000002c0000003400000000000000000000008333000038190000000000002d010000090000000c000000070000001c010000940b0000780900006003000038040000e80200005406000048060000cc03000048060000f80700007c0500000000000001000000ca1a00009614000000000000070000000700000002000000020000001c010000680d000000000000010000007b1700002005000000000000010000000100000002000000020000001c010000940b000001000000000000007b170000e502000000000000000000000000000002000000020000001c010000940b00000000000000000000ac3e00002622000000000000000000000d00000004000000040000001c010000940b0000b00d00007008000078563412040000005800000001000000010000000b000000000000000100000002000000030000000400000005000000060000000700000008000000090000000a00000004000000640062006f0000000800000050006500720073006f006e0073000000\"/></control><layoutobject><ddsxmlobj><property name=\"ActiveTableViewMode\" value=\"1\" vartype=\"8\"/><property name=\"TableViewMode:0\" value=\"4,0,284,0,2964,1,2424,5,1620\" vartype=\"8\"/><property name=\"TableViewMode:1\" value=\"2,0,284,0,3432\" vartype=\"8\"/><property name=\"TableViewMode:2\" value=\"2,0,284,0,2964\" vartype=\"8\"/><property name=\"TableViewMode:3\" value=\"2,0,284,0,2964\" vartype=\"8\"/><property name=\"TableViewMode:4\" value=\"4,0,284,0,2964,12,3504,11,2160\" vartype=\"8\"/></ddsxmlobj></layoutobject><shape groupshapeid=\"0\" groupnode=\"0\"/></ddscontrol><ddscontrol controlprogid=\"{623AC075-2C77-4873-883D-930B4364B4BC}\" tooltip=\"Pilgrim\" left=\"4650\" top=\"7650\" logicalid=\"10\" controlid=\"10\" masterid=\"0\" hint1=\"0\" hint2=\"0\" width=\"6858\" height=\"3492\" noresize=\"0\" nomove=\"0\" nodefaultattachpoints=\"0\" autodrag=\"0\" usedefaultiddshape=\"0\" selectable=\"1\" showselectionhandles=\"0\" allownudging=\"1\" isannotation=\"0\" dontautolayout=\"0\" groupcollapsed=\"0\" tabstop=\"1\" visible=\"1\" snaptogrid=\"1\"><control><ddsxmlobjectstreaminitwrapper binary=\"2143341208000000ca1a0000a40d0000785634120700000014010000500069006c006700720069006d0000001901000000000000000000002700000002000000030000000400000008000000000000000000000027000000fdffffff030000000400000004000000000000000000000027000000000000000000000001000000040000000000000027000000a7000000000000000000000006000000040000000000000027000000b30000000200000003000000050000000c0000000000000099000000d5000000050000000300000005000000d0ffffff0000000027000000ea000000fdffffff0000000003000000d0ffffff0000000027000000f900000001000000030000000500000000000000000000000100000005000000540000002c0000002c0000002c00000034000000000000000000000083330000c1140000000000002d010000070000000c000000070000001c010000940b0000780900006003000038040000e80200005406000048060000cc03000048060000f80700007c0500000000000001000000ca1a0000a40d000000000000040000000400000002000000020000001c010000680d000000000000010000007b1700005c07000000000000020000000200000002000000020000001c010000940b000001000000000000007b170000e502000000000000000000000000000002000000020000001c010000940b00000000000000000000ac3e00002622000000000000000000000d00000004000000040000001c010000940b0000b00d00007008000078563412040000005800000001000000010000000b000000000000000100000002000000030000000400000005000000060000000700000008000000090000000a00000004000000640062006f00000008000000500069006c006700720069006d000000\"/></control><layoutobject><ddsxmlobj><property name=\"ActiveTableViewMode\" value=\"1\" vartype=\"8\"/><property name=\"TableViewMode:0\" value=\"4,0,284,0,2964,1,2424,5,1620\" vartype=\"8\"/><property name=\"TableViewMode:1\" value=\"2,0,284,0,3432\" vartype=\"8\"/><property name=\"TableViewMode:2\" value=\"2,0,284,0,2964\" vartype=\"8\"/><property name=\"TableViewMode:3\" value=\"2,0,284,0,2964\" vartype=\"8\"/><property name=\"TableViewMode:4\" value=\"4,0,284,0,2964,12,3504,11,2160\" vartype=\"8\"/></ddsxmlobj></layoutobject><shape groupshapeid=\"0\" groupnode=\"0\"/></ddscontrol><ddscontrol controlprogid=\"{623AC075-2C77-4873-883D-930B4364B4BC}\" tooltip=\"Things\" left=\"13950\" top=\"7650\" logicalid=\"11\" controlid=\"11\" masterid=\"0\" hint1=\"0\" hint2=\"0\" width=\"6858\" height=\"3492\" noresize=\"0\" nomove=\"0\" nodefaultattachpoints=\"0\" autodrag=\"0\" usedefaultiddshape=\"0\" selectable=\"1\" showselectionhandles=\"0\" allownudging=\"1\" isannotation=\"0\" dontautolayout=\"0\" groupcollapsed=\"0\" tabstop=\"1\" visible=\"1\" snaptogrid=\"1\"><control><ddsxmlobjectstreaminitwrapper binary=\"2143341208000000ca1a0000a40d00007856341207000000140100005400680069006e006700730000000000000000000000000000000000000000000000000000000000000000000000000000000000000000000000000000000000000000000000000000000000000000000000000000000000000000000000000000000000000000000000000000000000000000000000000000000000000000000000000000000000000000000000000000000000000000000000000000000000000000000000000000000000000000000000000000000000000000000000000000000000000000000000000000000000000000000000000000000000000000000000000000000000000000000000000000000000000000000100000005000000540000002c0000002c0000002c00000034000000000000000000000083330000c1140000000000002d010000070000000c000000070000001c010000940b0000780900006003000038040000e80200005406000048060000cc03000048060000f80700007c0500000000000001000000ca1a0000a40d000000000000040000000400000002000000020000001c010000680d000000000000010000007b1700002005000000000000010000000100000002000000020000001c010000940b000001000000000000007b170000e502000000000000000000000000000002000000020000001c010000940b00000000000000000000ac3e00002622000000000000000000000d00000004000000040000001c010000940b0000b00d00007008000078563412040000005600000001000000010000000b000000000000000100000002000000030000000400000005000000060000000700000008000000090000000a00000004000000640062006f000000070000005400680069006e00670073000000\"/></control><layoutobject><ddsxmlobj><property name=\"ActiveTableViewMode\" value=\"1\" vartype=\"8\"/><property name=\"TableViewMode:0\" value=\"4,0,284,0,2964,1,2424,5,1620\" vartype=\"8\"/><property name=\"TableViewMode:1\" value=\"2,0,284,0,3432\" vartype=\"8\"/><property name=\"TableViewMode:2\" value=\"2,0,284,0,2964\" vartype=\"8\"/><property name=\"TableViewMode:3\" value=\"2,0,284,0,2964\" vartype=\"8\"/><property name=\"TableViewMode:4\" value=\"4,0,284,0,2964,12,3504,11,2160\" vartype=\"8\"/></ddsxmlobj></layoutobject><shape groupshapeid=\"0\" groupnode=\"0\"/></ddscontrol><ddscontrol semanticcookie=\"0100000001000000640062006f00000046004b005f0050006500720073006f006e0073005f005400680069006e00670073000000\" controlprogid=\"MSDDS.Polyline.080.1\" tooltip=\"Relationship \'FK_Persons_Things\' between \'Things\' and \'Persons\'\" left=\"16993\" top=\"4571\" logicalid=\"12\" controlid=\"12\" masterid=\"0\" hint1=\"0\" hint2=\"0\" width=\"815\" height=\"3775\" noresize=\"0\" nomove=\"0\" nodefaultattachpoints=\"1\" autodrag=\"0\" usedefaultiddshape=\"0\" selectable=\"1\" showselectionhandles=\"0\" allownudging=\"1\" isannotation=\"0\" dontautolayout=\"0\" groupcollapsed=\"0\" tabstop=\"1\" visible=\"1\" snaptogrid=\"0\"><control><ddsxmlobj><polyline endtypedst=\"0\" endtypesrc=\"2\" usercolor=\"15790320\" linestyle=\"0\" linerender=\"0\" customendtypedstid=\"0\" customendtypesrcid=\"0\" adornsvisible=\"1\"><adornment percentpos=\"50.1780626780627\" controlid=\"13\" width=\"2561\" height=\"339\" side=\"1\" behavior=\"3\" himetric=\"1194\" distfromline=\"175\" startobj=\"0\" x=\"14664\" y=\"6287\" visible=\"0\" allowoverlap=\"1\" usepercent=\"1\"/></polyline></ddsxmlobj></control><layoutobject><ddsxmlobj/></layoutobject><connector sourceid=\"11\" destid=\"9\" sourceattachpoint=\"44\" destattachpoint=\"45\" segmenteditmode=\"0\" bendpointeditmode=\"0\" bendpointvisibility=\"0\" relatedid=\"0\" virtual=\"0\"><point x=\"17400\" y=\"7650\"/><point x=\"17400\" y=\"5270\"/></connector></ddscontrol><ddscontrol semanticcookie=\"013ba431203ba431\" controlprogid=\"MSDDS.Text.080.1\" left=\"14664\" top=\"6287\" logicalid=\"13\" controlid=\"13\" masterid=\"12\" hint1=\"0\" hint2=\"0\" width=\"2561\" height=\"339\" noresize=\"1\" nomove=\"0\" nodefaultattachpoints=\"1\" autodrag=\"1\" usedefaultiddshape=\"1\" selectable=\"1\" showselectionhandles=\"1\" allownudging=\"1\" isannotation=\"0\" dontautolayout=\"1\" groupcollapsed=\"0\" tabstop=\"0\" visible=\"0\" snaptogrid=\"0\"><control><ddsxmlobjectstreaminitwrapper binary=\"00020000010a0000530100000300000000000500008008000080010000001500010000009001b0300100065461686f6d61110046004b005f0050006500720073006f006e0073005f005400680069006e006700730000000000\"/></control><layoutobject><ddsxmlobj/></layoutobject><shape groupshapeid=\"0\" groupnode=\"0\"/></ddscontrol><ddscontrol semanticcookie=\"0100000001000000640062006f00000046004b005f004c006f0063006100740069006f006e0073005f005400680069006e00670073000000\" controlprogid=\"MSDDS.Polyline.080.1\" tooltip=\"Relationship \'FK_Locations_Things\' between \'Things\' and \'Locations\'\" left=\"20508\" top=\"9043\" logicalid=\"14\" controlid=\"14\" masterid=\"0\" hint1=\"0\" hint2=\"0\" width=\"2892\" height=\"815\" noresize=\"0\" nomove=\"0\" nodefaultattachpoints=\"1\" autodrag=\"0\" usedefaultiddshape=\"0\" selectable=\"1\" showselectionhandles=\"0\" allownudging=\"1\" isannotation=\"0\" dontautolayout=\"0\" groupcollapsed=\"0\" tabstop=\"1\" visible=\"1\" snaptogrid=\"0\"><control><ddsxmlobj><polyline endtypedst=\"0\" endtypesrc=\"2\" usercolor=\"15790320\" linestyle=\"0\" linerender=\"0\" customendtypedstid=\"0\" customendtypesrcid=\"0\" adornsvisible=\"1\"><adornment percentpos=\"59.8473282442748\" controlid=\"15\" width=\"2745\" height=\"339\" side=\"0\" behavior=\"3\" himetric=\"1371\" distfromline=\"175\" startobj=\"0\" x=\"20537\" y=\"9625\" visible=\"0\" allowoverlap=\"1\" usepercent=\"1\"/></polyline></ddsxmlobj></control><layoutobject><ddsxmlobj/></layoutobject><connector sourceid=\"11\" destid=\"5\" sourceattachpoint=\"111\" destattachpoint=\"106\" segmenteditmode=\"0\" bendpointeditmode=\"0\" bendpointvisibility=\"0\" relatedid=\"0\" virtual=\"0\"><point x=\"20808\" y=\"9450\"/><point x=\"23100\" y=\"9450\"/></connector></ddscontrol><ddscontrol semanticcookie=\"013aa431a03aa431\" controlprogid=\"MSDDS.Text.080.1\" left=\"20537\" top=\"9625\" logicalid=\"15\" controlid=\"15\" masterid=\"14\" hint1=\"0\" hint2=\"0\" width=\"2745\" height=\"339\" noresize=\"1\" nomove=\"0\" nodefaultattachpoints=\"1\" autodrag=\"1\" usedefaultiddshape=\"1\" selectable=\"1\" showselectionhandles=\"1\" allownudging=\"1\" isannotation=\"0\" dontautolayout=\"1\" groupcollapsed=\"0\" tabstop=\"0\" visible=\"0\" snaptogrid=\"0\"><control><ddsxmlobjectstreaminitwrapper binary=\"00020000b90a0000530100000300000000000500008008000080010000001500010000009001b0300100065461686f6d61130046004b005f004c006f0063006100740069006f006e0073005f005400680069006e006700730000000000\"/></control><layoutobject><ddsxmlobj/></layoutobject><shape groupshapeid=\"0\" groupnode=\"0\"/></ddscontrol><ddscontrol semanticcookie=\"012e9a5e01000000640062006f00000046004b005f0044006500760069006300650073005f005400680069006e00670073000000\" controlprogid=\"MSDDS.Polyline.080.1\" tooltip=\"Relationship \'FK_Devices_Things\' between \'Things\' and \'Devices\'\" left=\"12371\" top=\"10447\" logicalid=\"16\" controlid=\"16\" masterid=\"0\" hint1=\"0\" hint2=\"0\" width=\"4837\" height=\"6453\" noresize=\"0\" nomove=\"0\" nodefaultattachpoints=\"1\" autodrag=\"0\" usedefaultiddshape=\"0\" selectable=\"1\" showselectionhandles=\"0\" allownudging=\"1\" isannotation=\"0\" dontautolayout=\"0\" groupcollapsed=\"0\" tabstop=\"1\" visible=\"1\" snaptogrid=\"0\"><control><ddsxmlobj><polyline endtypedst=\"0\" endtypesrc=\"2\" usercolor=\"15790320\" linestyle=\"0\" linerender=\"0\" customendtypedstid=\"0\" customendtypesrcid=\"0\" adornsvisible=\"1\"><adornment percentpos=\"55.4503345342254\" controlid=\"17\" width=\"2514\" height=\"339\" side=\"0\" behavior=\"3\" himetric=\"5050\" distfromline=\"175\" startobj=\"0\" x=\"10880\" y=\"12447\" visible=\"0\" allowoverlap=\"1\" usepercent=\"1\"/></polyline></ddsxmlobj></control><layoutobject><ddsxmlobj/></layoutobject><connector sourceid=\"11\" destid=\"2\" sourceattachpoint=\"37\" destattachpoint=\"44\" segmenteditmode=\"0\" bendpointeditmode=\"0\" bendpointvisibility=\"0\" relatedid=\"0\" virtual=\"0\"><point x=\"16800\" y=\"11142\"/><point x=\"16800\" y=\"12961\"/><point x=\"12750\" y=\"12961\"/><point x=\"12750\" y=\"16200\"/></connector></ddscontrol><ddscontrol semanticcookie=\"013ba431e03ba431\" controlprogid=\"MSDDS.Text.080.1\" left=\"10880\" top=\"12447\" logicalid=\"17\" controlid=\"17\" masterid=\"16\" hint1=\"0\" hint2=\"0\" width=\"2514\" height=\"339\" noresize=\"1\" nomove=\"0\" nodefaultattachpoints=\"1\" autodrag=\"1\" usedefaultiddshape=\"1\" selectable=\"1\" showselectionhandles=\"1\" allownudging=\"1\" isannotation=\"0\" dontautolayout=\"1\" groupcollapsed=\"0\" tabstop=\"0\" visible=\"0\" snaptogrid=\"0\"><control><ddsxmlobjectstreaminitwrapper binary=\"00020000d2090000530100000300000000000500008008000080010000001500010000009001b0300100065461686f6d61110046004b005f0044006500760069006300650073005f005400680069006e006700730000000000\"/></control><layoutobject><ddsxmlobj/></layoutobject><shape groupshapeid=\"0\" groupnode=\"0\"/></ddscontrol><ddscontrol semanticcookie=\"0100000001000000640062006f00000046004b005f00500069006c006700720069006d005f005400680069006e00670073000000\" controlprogid=\"MSDDS.Polyline.080.1\" tooltip=\"Relationship \'FK_Pilgrim_Things\' between \'Things\' and \'Pilgrim\'\" left=\"11208\" top=\"9043\" logicalid=\"18\" controlid=\"18\" masterid=\"0\" hint1=\"0\" hint2=\"0\" width=\"3042\" height=\"815\" noresize=\"0\" nomove=\"0\" nodefaultattachpoints=\"1\" autodrag=\"0\" usedefaultiddshape=\"0\" selectable=\"1\" showselectionhandles=\"0\" allownudging=\"1\" isannotation=\"0\" dontautolayout=\"0\" groupcollapsed=\"0\" tabstop=\"1\" visible=\"1\" snaptogrid=\"0\"><control><ddsxmlobj><polyline endtypedst=\"0\" endtypesrc=\"2\" usercolor=\"15790320\" linestyle=\"0\" linerender=\"0\" customendtypedstid=\"0\" customendtypesrcid=\"0\" adornsvisible=\"1\"><adornment percentpos=\"39.5808620007908\" controlid=\"19\" width=\"2423\" height=\"339\" side=\"1\" behavior=\"3\" himetric=\"966\" distfromline=\"175\" startobj=\"0\" x=\"11519\" y=\"9625\" visible=\"0\" allowoverlap=\"1\" usepercent=\"1\"/></polyline></ddsxmlobj></control><layoutobject><ddsxmlobj/></layoutobject><connector sourceid=\"11\" destid=\"10\" sourceattachpoint=\"110\" destattachpoint=\"111\" segmenteditmode=\"0\" bendpointeditmode=\"0\" bendpointvisibility=\"0\" relatedid=\"0\" virtual=\"0\"><point x=\"13950\" y=\"9450\"/><point x=\"11508\" y=\"9450\"/></connector></ddscontrol><ddscontrol semanticcookie=\"0135a4316035a431\" controlprogid=\"MSDDS.Text.080.1\" left=\"11519\" top=\"9625\" logicalid=\"19\" controlid=\"19\" masterid=\"18\" hint1=\"0\" hint2=\"0\" width=\"2423\" height=\"339\" noresize=\"1\" nomove=\"0\" nodefaultattachpoints=\"1\" autodrag=\"1\" usedefaultiddshape=\"1\" selectable=\"1\" showselectionhandles=\"1\" allownudging=\"1\" isannotation=\"0\" dontautolayout=\"1\" groupcollapsed=\"0\" tabstop=\"0\" visible=\"0\" snaptogrid=\"0\"><control><ddsxmlobjectstreaminitwrapper binary=\"0002000077090000530100000300000000000500008008000080010000001500010000009001b0300100065461686f6d61110046004b005f00500069006c006700720069006d005f005400680069006e006700730000000000\"/></control><layoutobject><ddsxmlobj/></layoutobject><shape groupshapeid=\"0\" groupnode=\"0\"/></ddscontrol><ddscontrol semanticcookie=\"0100730001000000640062006f00000046004b005f00500069006c006700720069006d005f005400680069006e006700730031000000\" controlprogid=\"MSDDS.Polyline.080.1\" tooltip=\"Relationship \'FK_Pilgrim_Things1\' between \'Things\' and \'Pilgrim\'\" left=\"11208\" top=\"9193\" logicalid=\"20\" controlid=\"20\" masterid=\"0\" hint1=\"0\" hint2=\"0\" width=\"3042\" height=\"815\" noresize=\"0\" nomove=\"0\" nodefaultattachpoints=\"1\" autodrag=\"0\" usedefaultiddshape=\"0\" selectable=\"1\" showselectionhandles=\"0\" allownudging=\"1\" isannotation=\"0\" dontautolayout=\"0\" groupcollapsed=\"0\" tabstop=\"1\" visible=\"1\" snaptogrid=\"0\"><control><ddsxmlobj><polyline endtypedst=\"0\" endtypesrc=\"2\" usercolor=\"15790320\" linestyle=\"0\" linerender=\"0\" customendtypedstid=\"0\" customendtypesrcid=\"0\" adornsvisible=\"1\"><adornment percentpos=\"38.0782918149466\" controlid=\"21\" width=\"2584\" height=\"339\" side=\"1\" behavior=\"3\" himetric=\"929\" distfromline=\"175\" startobj=\"0\" x=\"11420\" y=\"9775\" visible=\"0\" allowoverlap=\"1\" usepercent=\"1\"/></polyline></ddsxmlobj></control><layoutobject><ddsxmlobj/></layoutobject><connector sourceid=\"11\" destid=\"10\" sourceattachpoint=\"112\" destattachpoint=\"113\" segmenteditmode=\"0\" bendpointeditmode=\"0\" bendpointvisibility=\"0\" relatedid=\"0\" virtual=\"0\"><point x=\"13950\" y=\"9600\"/><point x=\"11508\" y=\"9600\"/></connector></ddscontrol><ddscontrol semanticcookie=\"0134a431a034a431\" controlprogid=\"MSDDS.Text.080.1\" left=\"11420\" top=\"9775\" logicalid=\"21\" controlid=\"21\" masterid=\"20\" hint1=\"0\" hint2=\"0\" width=\"2584\" height=\"339\" noresize=\"1\" nomove=\"0\" nodefaultattachpoints=\"1\" autodrag=\"1\" usedefaultiddshape=\"1\" selectable=\"1\" showselectionhandles=\"1\" allownudging=\"1\" isannotation=\"0\" dontautolayout=\"1\" groupcollapsed=\"0\" tabstop=\"0\" visible=\"0\" snaptogrid=\"0\"><control><ddsxmlobjectstreaminitwrapper binary=\"00020000180a0000530100000300000000000500008008000080010000001500010000009001b0300100065461686f6d61120046004b005f00500069006c006700720069006d005f005400680069006e0067007300310000000000\"/></control><layoutobject><ddsxmlobj/></layoutobject><shape groupshapeid=\"0\" groupnode=\"0\"/></ddscontrol><ddscontrol controlprogid=\"{623AC075-2C77-4873-883D-930B4364B4BC}\" tooltip=\"Things_Devices\" left=\"18450\" top=\"13500\" logicalid=\"22\" controlid=\"22\" masterid=\"0\" hint1=\"0\" hint2=\"0\" width=\"6858\" height=\"3492\" noresize=\"0\" nomove=\"0\" nodefaultattachpoints=\"0\" autodrag=\"0\" usedefaultiddshape=\"0\" selectable=\"1\" showselectionhandles=\"0\" allownudging=\"1\" isannotation=\"0\" dontautolayout=\"0\" groupcollapsed=\"0\" tabstop=\"1\" visible=\"1\" snaptogrid=\"1\"><control><ddsxmlobjectstreaminitwrapper binary=\"2143341208000000ca1a0000a40d00007856341207000000140100005400680069006e00670073005f0044006500760069006300650073000000ffffffffffffffffffffffffffffffffffffffffffffffffffffffffffffffffffffffffffffffffffffffffffffffffffffffffffffffffffffffffffffffffffffffffffffffffffffffffffffffffffffffffffffffffffffffffffffffffffffffffffffffffffffffffffffffffffffffffffffffffffffffffffffffffffffffffffffffffffffffffffffffffffffffffffffffffffffffffffffffffffffffffffffffffffffffffffffffffffffffffffffffffffffffffffffffffffffffffffffffffffffffffffffffff000000000000000000000100000005000000540000002c0000002c0000002c00000034000000000000000000000083330000c1140000000000002d010000070000000c000000070000001c010000940b0000780900006003000038040000e80200005406000048060000cc03000048060000f80700007c0500000000000001000000ca1a0000a40d000000000000040000000400000002000000020000001c010000800d000000000000010000007b1700005c07000000000000020000000200000002000000020000001c010000940b000001000000000000007b170000e502000000000000000000000000000002000000020000001c010000940b00000000000000000000ac3e00002622000000000000000000000d00000004000000040000001c010000940b0000b00d00007008000078563412040000006600000001000000010000000b000000000000000100000002000000030000000400000005000000060000000700000008000000090000000a00000004000000640062006f0000000f0000005400680069006e00670073005f0044006500760069006300650073000000\"/></control><layoutobject><ddsxmlobj><property name=\"ActiveTableViewMode\" value=\"1\" vartype=\"8\"/><property name=\"TableViewMode:0\" value=\"4,0,284,0,2964,1,2424,5,1620\" vartype=\"8\"/><property name=\"TableViewMode:1\" value=\"2,0,284,0,3456\" vartype=\"8\"/><property name=\"TableViewMode:2\" value=\"2,0,284,0,2964\" vartype=\"8\"/><property name=\"TableViewMode:3\" value=\"2,0,284,0,2964\" vartype=\"8\"/><property name=\"TableViewMode:4\" value=\"4,0,284,0,2964,12,3504,11,2160\" vartype=\"8\"/></ddsxmlobj></layoutobject><shape groupshapeid=\"0\" groupnode=\"0\"/></ddscontrol><ddscontrol semanticcookie=\"0148596301000000640062006f00000046004b005f005400680069006e00670073005f0044006500760069006300650073005f005400680069006e00670073000000\" controlprogid=\"MSDDS.Polyline.080.1\" tooltip=\"Relationship \'FK_Things_Devices_Things\' between \'Things\' and \'Things_Devices\'\" left=\"16843\" top=\"10447\" logicalid=\"23\" controlid=\"23\" masterid=\"0\" hint1=\"0\" hint2=\"0\" width=\"5437\" height=\"3753\" noresize=\"0\" nomove=\"0\" nodefaultattachpoints=\"1\" autodrag=\"0\" usedefaultiddshape=\"0\" selectable=\"1\" showselectionhandles=\"0\" allownudging=\"1\" isannotation=\"0\" dontautolayout=\"0\" groupcollapsed=\"0\" tabstop=\"1\" visible=\"1\" snaptogrid=\"0\"><control><ddsxmlobj><polyline endtypedst=\"0\" endtypesrc=\"2\" usercolor=\"15790320\" linestyle=\"0\" linerender=\"0\" customendtypedstid=\"0\" customendtypesrcid=\"0\" adornsvisible=\"1\"><adornment percentpos=\"49.959250203749\" controlid=\"24\" width=\"3553\" height=\"339\" side=\"0\" behavior=\"3\" himetric=\"3501\" distfromline=\"175\" startobj=\"0\" x=\"15204\" y=\"13136\" visible=\"0\" allowoverlap=\"1\" usepercent=\"1\"/></polyline></ddsxmlobj></control><layoutobject><ddsxmlobj/></layoutobject><connector sourceid=\"11\" destid=\"22\" sourceattachpoint=\"43\" destattachpoint=\"44\" segmenteditmode=\"0\" bendpointeditmode=\"0\" bendpointvisibility=\"0\" relatedid=\"0\" virtual=\"0\"><point x=\"17250\" y=\"11142\"/><point x=\"17250\" y=\"12961\"/><point x=\"21900\" y=\"12961\"/><point x=\"21900\" y=\"13500\"/></connector></ddscontrol><ddscontrol semanticcookie=\"0135a431e035a431\" controlprogid=\"MSDDS.Text.080.1\" left=\"15204\" top=\"13136\" logicalid=\"24\" controlid=\"24\" masterid=\"23\" hint1=\"0\" hint2=\"0\" width=\"3553\" height=\"339\" noresize=\"1\" nomove=\"0\" nodefaultattachpoints=\"1\" autodrag=\"1\" usedefaultiddshape=\"1\" selectable=\"1\" showselectionhandles=\"1\" allownudging=\"1\" isannotation=\"0\" dontautolayout=\"1\" groupcollapsed=\"0\" tabstop=\"0\" visible=\"0\" snaptogrid=\"0\"><control><ddsxmlobjectstreaminitwrapper binary=\"00020000e10d000053010000030000000000ffffff0008000080010000001500010000009001b0300100065461686f6d61180046004b005f005400680069006e00670073005f0044006500760069006300650073005f005400680069006e006700730000000000\"/></control><layoutobject><ddsxmlobj/></layoutobject><shape groupshapeid=\"0\" groupnode=\"0\"/></ddscontrol><ddscontrol semanticcookie=\"0148596301000000640062006f00000046004b005f005400680069006e00670073005f0044006500760069006300650073005f0044006500760069006300650073000000\" controlprogid=\"MSDDS.Polyline.080.1\" tooltip=\"Relationship \'FK_Things_Devices_Devices\' between \'Devices\' and \'Things_Devices\'\" left=\"15858\" top=\"14921\" logicalid=\"25\" controlid=\"25\" masterid=\"0\" hint1=\"0\" hint2=\"0\" width=\"2892\" height=\"3487\" noresize=\"0\" nomove=\"0\" nodefaultattachpoints=\"1\" autodrag=\"0\" usedefaultiddshape=\"0\" selectable=\"1\" showselectionhandles=\"0\" allownudging=\"1\" isannotation=\"0\" dontautolayout=\"0\" groupcollapsed=\"0\" tabstop=\"1\" visible=\"1\" snaptogrid=\"0\"><control><ddsxmlobj><polyline endtypedst=\"0\" endtypesrc=\"2\" usercolor=\"15790320\" linestyle=\"0\" linerender=\"0\" customendtypedstid=\"0\" customendtypesrcid=\"0\" adornsvisible=\"1\"><adornment percentpos=\"58.1270657363202\" controlid=\"26\" width=\"3668\" height=\"339\" side=\"0\" behavior=\"3\" himetric=\"2901\" distfromline=\"175\" startobj=\"0\" x=\"18153\" y=\"17094\" visible=\"0\" allowoverlap=\"1\" usepercent=\"1\"/></polyline></ddsxmlobj></control><layoutobject><ddsxmlobj/></layoutobject><connector sourceid=\"2\" destid=\"22\" sourceattachpoint=\"111\" destattachpoint=\"110\" segmenteditmode=\"0\" bendpointeditmode=\"0\" bendpointvisibility=\"0\" relatedid=\"0\" virtual=\"0\"><point x=\"16158\" y=\"18000\"/><point x=\"17978\" y=\"18000\"/><point x=\"17978\" y=\"15300\"/><point x=\"18450\" y=\"15300\"/></connector></ddscontrol><ddscontrol semanticcookie=\"013da431a03da431\" controlprogid=\"MSDDS.Text.080.1\" left=\"18153\" top=\"17094\" logicalid=\"26\" controlid=\"26\" masterid=\"25\" hint1=\"0\" hint2=\"0\" width=\"3668\" height=\"339\" noresize=\"1\" nomove=\"0\" nodefaultattachpoints=\"1\" autodrag=\"1\" usedefaultiddshape=\"1\" selectable=\"1\" showselectionhandles=\"1\" allownudging=\"1\" isannotation=\"0\" dontautolayout=\"1\" groupcollapsed=\"0\" tabstop=\"0\" visible=\"0\" snaptogrid=\"0\"><control><ddsxmlobjectstreaminitwrapper binary=\"00020000540e000053010000030000000000ffffff0008000080010000001500010000009001b0300100065461686f6d61190046004b005f005400680069006e00670073005f0044006500760069006300650073005f00440065007600690063006500730000000000\"/></control><layoutobject><ddsxmlobj/></layoutobject><shape groupshapeid=\"0\" groupnode=\"0\"/></ddscontrol><ddscontrol controlprogid=\"{623AC075-2C77-4873-883D-930B4364B4BC}\" tooltip=\"Vehicle\" left=\"27750\" top=\"13500\" logicalid=\"27\" controlid=\"27\" masterid=\"0\" hint1=\"0\" hint2=\"0\" width=\"6858\" height=\"2307\" noresize=\"0\" nomove=\"0\" nodefaultattachpoints=\"0\" autodrag=\"0\" usedefaultiddshape=\"0\" selectable=\"1\" showselectionhandles=\"0\" allownudging=\"1\" isannotation=\"0\" dontautolayout=\"0\" groupcollapsed=\"0\" tabstop=\"1\" visible=\"1\" snaptogrid=\"1\"><control><ddsxmlobjectstreaminitwrapper binary=\"2143341208000000ca1a000003090000785634120700000014010000560065006800690063006c00650000000000000000000080000000000000000000000000010000000000000080dc056300000000000000000000000000000000000000000000000000000000000000000000000000000000000000000000000000000000000000000000000000000000000000000000000000000000000000000000000000000000000000000000000000000000000000000000000000000000000000000000000000000000000000000000000000000000000000000000000000000000000000000000000000000000000000000000000000000000000000000000000000000000000000000000000000000000000000000100000005000000540000002c0000002c0000002c00000034000000000000000000000083330000c1140000000000002d010000070000000c000000070000001c010000940b0000780900006003000038040000e80200005406000048060000cc03000048060000f80700007c0500000000000001000000ca1a00000309000000000000020000000200000002000000020000001c010000680d000000000000010000007b1700002005000000000000010000000100000002000000020000001c010000940b000001000000000000007b170000e502000000000000000000000000000002000000020000001c010000940b00000000000000000000ac3e00002622000000000000000000000d00000004000000040000001c010000940b0000b00d00007008000078563412040000005800000001000000010000000b000000000000000100000002000000030000000400000005000000060000000700000008000000090000000a00000004000000640062006f00000008000000560065006800690063006c0065000000\"/></control><layoutobject><ddsxmlobj><property name=\"ActiveTableViewMode\" value=\"1\" vartype=\"8\"/><property name=\"TableViewMode:0\" value=\"4,0,284,0,2964,1,2424,5,1620\" vartype=\"8\"/><property name=\"TableViewMode:1\" value=\"2,0,284,0,3432\" vartype=\"8\"/><property name=\"TableViewMode:2\" value=\"2,0,284,0,2964\" vartype=\"8\"/><property name=\"TableViewMode:3\" value=\"2,0,284,0,2964\" vartype=\"8\"/><property name=\"TableViewMode:4\" value=\"4,0,284,0,2964,12,3504,11,2160\" vartype=\"8\"/></ddsxmlobj></layoutobject><shape groupshapeid=\"0\" groupnode=\"0\"/></ddscontrol><ddscontrol semanticcookie=\"01172f5601000000640062006f00000046004b005f00560065006800690063006c0065005f005400680069006e00670073000000\" controlprogid=\"MSDDS.Polyline.080.1\" tooltip=\"Relationship \'FK_Vehicle_Things\' between \'Things\' and \'Vehicle\'\" left=\"17293\" top=\"10447\" logicalid=\"28\" controlid=\"28\" masterid=\"0\" hint1=\"0\" hint2=\"0\" width=\"14287\" height=\"3753\" noresize=\"0\" nomove=\"0\" nodefaultattachpoints=\"1\" autodrag=\"0\" usedefaultiddshape=\"0\" selectable=\"1\" showselectionhandles=\"0\" allownudging=\"1\" isannotation=\"0\" dontautolayout=\"0\" groupcollapsed=\"0\" tabstop=\"1\" visible=\"1\" snaptogrid=\"0\"><control><ddsxmlobj><polyline endtypedst=\"0\" endtypesrc=\"2\" usercolor=\"15790320\" linestyle=\"0\" linerender=\"0\" customendtypedstid=\"0\" customendtypesrcid=\"0\" adornsvisible=\"1\"><adornment percentpos=\"49.6415770609319\" controlid=\"29\" width=\"2468\" height=\"339\" side=\"0\" behavior=\"3\" himetric=\"7872\" distfromline=\"175\" startobj=\"0\" x=\"21290\" y=\"12956\" visible=\"0\" allowoverlap=\"1\" usepercent=\"1\"/></polyline></ddsxmlobj></control><layoutobject><ddsxmlobj/></layoutobject><connector sourceid=\"11\" destid=\"27\" sourceattachpoint=\"49\" destattachpoint=\"44\" segmenteditmode=\"0\" bendpointeditmode=\"0\" bendpointvisibility=\"0\" relatedid=\"0\" virtual=\"0\"><point x=\"17700\" y=\"11142\"/><point x=\"17700\" y=\"12781\"/><point x=\"31200\" y=\"12781\"/><point x=\"31200\" y=\"13500\"/></connector></ddscontrol><ddscontrol semanticcookie=\"013ea431203ea431\" controlprogid=\"MSDDS.Text.080.1\" left=\"21290\" top=\"12956\" logicalid=\"29\" controlid=\"29\" masterid=\"28\" hint1=\"0\" hint2=\"0\" width=\"2468\" height=\"339\" noresize=\"1\" nomove=\"0\" nodefaultattachpoints=\"1\" autodrag=\"1\" usedefaultiddshape=\"1\" selectable=\"1\" showselectionhandles=\"1\" allownudging=\"1\" isannotation=\"0\" dontautolayout=\"1\" groupcollapsed=\"0\" tabstop=\"0\" visible=\"0\" snaptogrid=\"0\"><control><ddsxmlobjectstreaminitwrapper binary=\"00020000a409000053010000030000000000ffffff0008000080010000001500010000009001b0300100065461686f6d61110046004b005f00560065006800690063006c0065005f005400680069006e006700730000000000\"/></control><layoutobject><ddsxmlobj/></layoutobject><shape groupshapeid=\"0\" groupnode=\"0\"/></ddscontrol><ddscontrol controlprogid=\"{623AC075-2C77-4873-883D-930B4364B4BC}\" tooltip=\"Watches\" left=\"0\" top=\"16500\" logicalid=\"30\" controlid=\"30\" masterid=\"0\" hint1=\"0\" hint2=\"0\" width=\"6858\" height=\"3492\" noresize=\"0\" nomove=\"0\" nodefaultattachpoints=\"0\" autodrag=\"0\" usedefaultiddshape=\"0\" selectable=\"1\" showselectionhandles=\"0\" allownudging=\"1\" isannotation=\"0\" dontautolayout=\"0\" groupcollapsed=\"0\" tabstop=\"1\" visible=\"1\" snaptogrid=\"1\"><control><ddsxmlobjectstreaminitwrapper binary=\"2143341208000000ca1a0000a40d0000785634120700000014010000570061007400630068006500730000000000003f0000803ff3f2723f9e9d1d3f0000803f0000003f0000803ff3f2723f9e9d1d3f0000803f0000803f0000803ff3f2723f9e9d1d3f0000803f00000000000000000a0000000400000003000000040000000400000000000000000000000a00000000000000000000000100000004000000000000000a0000001b00000001000000000000000600000004000000000000000a0000002500000002000000030000000500000010000000000000000a000000340000000300000003000000050000000c000000000000001b0000004f00000006000000000000000700000000000000000000000100000005000000540000002c0000002c0000002c00000034000000000000000000000083330000c1140000000000002d010000070000000c000000070000001c010000940b0000780900006003000038040000e80200005406000048060000cc03000048060000f80700007c0500000000000001000000ca1a0000a40d000000000000040000000400000002000000020000001c010000680d000000000000010000007b1700002005000000000000010000000100000002000000020000001c010000940b000001000000000000007b170000e502000000000000000000000000000002000000020000001c010000940b00000000000000000000ac3e00002622000000000000000000000d00000004000000040000001c010000940b0000b00d00007008000078563412040000005800000001000000010000000b000000000000000100000002000000030000000400000005000000060000000700000008000000090000000a00000004000000640062006f0000000800000057006100740063006800650073000000\"/></control><layoutobject><ddsxmlobj><property name=\"ActiveTableViewMode\" value=\"1\" vartype=\"8\"/><property name=\"TableViewMode:0\" value=\"4,0,284,0,2964,1,2424,5,1620\" vartype=\"8\"/><property name=\"TableViewMode:1\" value=\"2,0,284,0,3432\" vartype=\"8\"/><property name=\"TableViewMode:2\" value=\"2,0,284,0,2964\" vartype=\"8\"/><property name=\"TableViewMode:3\" value=\"2,0,284,0,2964\" vartype=\"8\"/><property name=\"TableViewMode:4\" value=\"4,0,284,0,2964,12,3504,11,2160\" vartype=\"8\"/></ddsxmlobj></layoutobject><shape groupshapeid=\"0\" groupnode=\"0\"/></ddscontrol><ddscontrol semanticcookie=\"01172f5601000000640062006f00000046004b005f0057006100740063006800650073005f0044006500760069006300650073000000\" controlprogid=\"MSDDS.Polyline.080.1\" tooltip=\"Relationship \'FK_Watches_Devices\' between \'Devices\' and \'Watches\'\" left=\"6558\" top=\"17893\" logicalid=\"31\" controlid=\"31\" masterid=\"0\" hint1=\"0\" hint2=\"0\" width=\"3042\" height=\"815\" noresize=\"0\" nomove=\"0\" nodefaultattachpoints=\"1\" autodrag=\"0\" usedefaultiddshape=\"0\" selectable=\"1\" showselectionhandles=\"0\" allownudging=\"1\" isannotation=\"0\" dontautolayout=\"0\" groupcollapsed=\"0\" tabstop=\"1\" visible=\"1\" snaptogrid=\"0\"><control><ddsxmlobj><polyline endtypedst=\"0\" endtypesrc=\"2\" usercolor=\"15790320\" linestyle=\"0\" linerender=\"0\" customendtypedstid=\"0\" customendtypesrcid=\"0\" adornsvisible=\"1\"><adornment percentpos=\"53.0025154356277\" controlid=\"32\" width=\"2768\" height=\"339\" side=\"0\" behavior=\"3\" himetric=\"1294\" distfromline=\"175\" startobj=\"0\" x=\"6704\" y=\"17786\" visible=\"0\" allowoverlap=\"1\" usepercent=\"1\"/></polyline></ddsxmlobj></control><layoutobject><ddsxmlobj/></layoutobject><connector sourceid=\"2\" destid=\"30\" sourceattachpoint=\"114\" destattachpoint=\"111\" segmenteditmode=\"0\" bendpointeditmode=\"0\" bendpointvisibility=\"0\" relatedid=\"0\" virtual=\"0\"><point x=\"9300\" y=\"18300\"/><point x=\"6858\" y=\"18300\"/></connector></ddscontrol><ddscontrol semanticcookie=\"0142a431a042a431\" controlprogid=\"MSDDS.Text.080.1\" left=\"6704\" top=\"17786\" logicalid=\"32\" controlid=\"32\" masterid=\"31\" hint1=\"0\" hint2=\"0\" width=\"2768\" height=\"339\" noresize=\"1\" nomove=\"0\" nodefaultattachpoints=\"1\" autodrag=\"1\" usedefaultiddshape=\"1\" selectable=\"1\" showselectionhandles=\"1\" allownudging=\"1\" isannotation=\"0\" dontautolayout=\"1\" groupcollapsed=\"0\" tabstop=\"0\" visible=\"0\" snaptogrid=\"0\"><control><ddsxmlobjectstreaminitwrapper binary=\"00020000d00a000053010000030000000000ffffff0008000080010000001500010000009001b0300100065461686f6d61120046004b005f0057006100740063006800650073005f00440065007600690063006500730000000000\"/></control><layoutobject><ddsxmlobj/></layoutobject><shape groupshapeid=\"0\" groupnode=\"0\"/></ddscontrol></dds>\r\n\0\0\0\0\0\0\0\0\0\0\0\0\0\0\0\0\0\0\0\0\0\0\0\0\0\0\0\0\0\0\0\0\0\0\0\0\0\0\0\0\0\0\0\0\0\0\0\0\0\0\0\0\0\0\0\0\0\0\0\0\0\0\0\0\0\0\0\0\0\0\0\0\0\0\0\0\0\0\0\0\0\0\0\0\0\0\0\0\0\0\0\0\0\0\0\0\0\0\0\0\0\0\0\0\0\0\0\0\0\0\0\0\0\0\0\0\0\0\0\0\0\0\0\0\0\0\0\0\0\0\0\0\0\0\0\0\0\0\0\0\0\0\0\0\0\0\0\0\0\0\0\0\0\0\0\0\0\0\0\0\0\0\0\0\0\0\0\0\0\0\0\0\0\0\0\0\0\0\0\0\0\0\0\0\0\0\0\0\0\0\0\0\0\0\0\0\0\0\0\0\0\0\0\0\0\0\0\0\0\0\0\0\0\0\0\0\0\0\0\0\0\0\0\0\0\0\0\0\0\0\0\0\0\0\0\0\0\0\0\0\0\0\0\0\0\0\0\0\0\0\0\0\0\0\0\0\0\0\0\0\0\0\0\0\0\0\0\0\0\0\0\0\0\0\0\0\0\0\0\0\0\0\0\0\0\0\0\0\0\0\0\0\0\0\0\0\0\0\0\0\0\0\0\0\0\0\0\0\0\0\0\0\0\0\0\0\0\0\0\0\0\0\0\0\0\0\0\0\0\0\0\0\0\0\0\0\0\0\0\0\0\0\0\0\0\0\0\0\0\0\0\0\0\0\0\0\0\0\0\0\0\0\0\0\0\0\0\0\0\0\0\0\0\0\0\0\0\0\0\0\0\0\0\0\0\0\0\0\0\0\0\0\0\0\0þÿÿÿ\0\0\0\0\0\0\0\0\0\0\0\0\0\0\0\0\0\0\0\0\0	\0\0\0\n\0\0\0\0\0\0\0\0\0\r\0\0\0\0\0\0\0\0\0\0\0\0\0\0\0þÿÿÿþÿÿÿÿÿÿÿÿÿÿÿÿÿÿÿÿÿÿÿÿÿÿÿÿÿÿÿÿÿÿÿÿÿÿÿÿÿÿÿÿÿÿÿÿÿÿÿÿÿÿÿÿÿÿÿÿÿÿÿÿÿÿÿÿÿÿÿÿÿÿÿÿÿÿÿÿÿÿÿÿÿÿÿÿÿÿÿÿÿÿÿÿÿÿÿÿÿÿÿÿÿÿÿÿÿÿÿÿÿÿÿÿÿÿÿÿÿÿÿÿÿÿÿÿÿÿÿÿÿÿÿÿÿÿÿÿÿÿÿÿÿÿÿÿÿÿÿÿÿÿÿÿÿÿÿÿÿÿÿÿÿÿÿÿÿÿÿÿÿÿÿÿÿÿÿÿÿÿÿÿÿÿÿÿÿÿÿÿÿÿÿÿÿÿÿÿÿÿÿÿÿÿÿÿÿÿÿÿÿÿÿÿÿÿÿÿÿÿÿÿÿÿÿÿÿÿÿÿÿÿÿÿÿÿÿÿÿÿÿÿÿÿÿÿÿÿÿÿÿÿÿÿÿÿÿÿÿÿÿÿÿÿÿÿÿÿÿÿÿÿÿÿÿÿÿÿÿÿÿÿÿÿÿÿÿÿÿÿÿÿÿÿÿÿÿÿÿÿÿÿÿÿÿÿÿÿÿÿÿÿÿÿÿÿÿÿÿÿÿÿÿÿÿÿÿÿÿÿÿÿÿÿÿÿÿÿÿÿÿÿÿÿÿÿÿÿÿÿÿÿÿÿÿÿÿÿÿÿÿÿÿÿÿÿÿÿÿÿÿÿÿÿÿÿÿÿÿÿÿÿÿÿÿÿÿÿÿÿÿÿÿÿÿÿÿÿÿÿÿÿÿÿÿÿÿÿÿÿÿÿÿÿÿÿÿÿÿÿÿÿÿÿÿÿÿÿÿÿÿÿÿÿÿÿÿÿÿÿÿ\0\0\0\0\0\0\0\0\0\0\0\0\0\0Na¼\0\0\0\0\0\0\0\0\0\0\0\0\0\0\0\0\0\0\0\0\0\0\0\0\0\0\0\0\0\0\0\0\0\0\0\0\0\0\0\0\0\0\0Ûæ°éÐ­Q\0 ÉW9\0\0\002ëôvÖ\0\0HE\0\0\0\0\0\0\0\0\0\0\0\0\0\0\0\0\0\0\0\0D\0a\0t\0a\0 \0S\0o\0u\0r\0c\0e\0=\09\05\0.\01\07\07\0.\01\07\03\0.\02\03\0\\\0S\0Q\0L\0E\0X\0P\0R\0E\0S\0S\0;\0I\0n\0i\0t\0i\0a\0l\0 \0C\0a\0t\0a\0l\0o\0g\0=\0S\0m\0a\0r\0t\0-\0H\0a\0j\0j\0;\0P\0e\0r\0s\0i\0s\0t\0 \0S\0e\0c\0u\0r\0i\0t\0y\0 \0I\0n\0f\0o\0=\0T\0r\0u\0e\0;\0U\0s\0e\0r\0 \0I\0D\0=\0s\0a\0;\0M\0u\0l\0t\0i\0p\0l\0e\0A\0c\0t\0i\0v\0e\0R\0e\0s\0u\0l\0t\0S\0e\0t\0s\0=\0F\0a\0l\0s\0e\0;\0C\0o\0n\0n\0e\0c\0t\0 \0T\0i\0m\0e\0o\0u\0t\0=\03\00\0;\0T\0r\0u\0s\0t\0S\0e\0r\0v\0e\0r\0C\0e\0r\0t\0i\0f\0i\0c\0a\0t\0e\0=\0F\0a\0l\0s\0e\0;\0P\0a\0c\0k\0e\0t\0 \0S\0i\0z\0e\0=\04\00\09\06\0;\0A\0p\0p\0l\0i\0c\0a\0t\0i\0o\0n\0 \0N\0a\0m\0e\0=\0\"\0M\0i\0c\0r\0o\0s\0o\0f\0t\0 \0S\0Q\0L\0 \0S\0e\0r\0v\0e\0r\0 \0M\0a\0n\0a\0g\0e\0m\0e\0n\0t\0 \0S\0t\0u\0d\0i\0o\0\"\0\0\0\0€\0\0\0\0D\0i\0a\0g\0r\0a\0m\0_\00\0\0\0\0&\0 \0\0\0C\0o\0m\0a\0r\0c\0h\0W\0a\0t\0c\0h\0L\0o\0g\0\0\0\0\0\0d\0b\0o\0\0\0\0&\0\0\0\0D\0e\0v\0i\0c\0e\0s\0\0\0\0\0\0d\0b\0o\0\0\0\0&\0\0\0\0L\0o\0c\0a\0t\0i\0o\0n\0s\0\0\0\0\0\0d\0b\0o\0\0\0\0&\0\n\0\0\0L\0o\0g\0s\0\0\0\0\0\0d\0b\0o\0\0\0\0&\0\0\0\0P\0e\0r\0s\0o\0n\0s\0\0\0\0\0\0d\0b\0o\0\0\0\0&\0\0\0\0P\0i\0l\0g\0r\0i\0m\0\0\0\0\0\0d\0b\0o\0\0\0\0&\0\0\0\0T\0h\0i\0n\0g\0s\0\0\0\0\0\0d\0b\0o\0\0\0\0&\0\0\0\0T\0h\0i\0n\0g\0s\0_\0D\0e\0v\0i\0c\0e\0s\0\0\0\0\0\0d\0b\0o\0\0\0\0&\0\0\0\0V\0e\0h\0i\0c\0l\0e\0\0\0\0\0\0d\0b\0o\0\0\0\0$\0\0\0\0W\0a\0t\0c\0h\0e\0s\0\0\0\0\0\0d\0b\0o\0\0\0\0\0\0Ö…	³»kòEš¸7dð2p\0N\0\0\0{\01\06\03\04\0C\0D\0D\07\0-\00\08\08\08\0-\04\02\0E\03\0-\09\0F\0A\02\0-\0B\06\0D\03\02\05\06\03\0B\09\01\0D\0}\0\0\0\0\0\0\0\0\0\0\0\0\0\0\0\0\0\0\0\0\0\0\0\0\0\0\0\0\0\0\0\0\0\0\0\0\0\0\0\0\0\0\0\0\0\0\0\0\0\0\0\0\0\0\0\0\0\0\0\0\0\0\0\0\0\0\0\0\0\0\0\0\0\0\0\0\0\0\0\0\0\0\0\0\0\0\0\0\0\0\0\0\0\0\0\0\0\0\0\0\0\0\0\0\0\0\0\0\0\0\0\0\0\0\0\0\0\0\0\0\0\0\0\0\0\0\0\0\0\0\0\0\0\0\0\0\0\0\0\0\0\0\0\0\0\0\0\0\0\0\0\0\0\0\0\0\0\0\0\0\0\0\0\0\0\0\0\0\0\0\0\0\0\0\0\0\0\0\0\0\0\0\0\0\0\0\0\0\0\0\0\0\0\0\0\0\0\0\0\0\0\0\0\0\0\0\0\0\0\0\0\0\0\0\0\0\0\0\0\0\0\0\0\0\0\0\0\0\0\0\0\0\0\0\0\0\0\0\0\0\0\0\0\0\0\0\0\0\0\0\0\0\0\0\0\0\0\0\0\0\0\0\0\0\0\0\0\0\0\0\0\0\0\0\0\0\0\0\0\0\0\0\0\0\0\0\0\0\0\0\0\0\0\0\0\0\0\0\0\0\0\0\0\0\0\0\0\0\0\0\0\0\0\0\0\0\0\0\0\0\0\0\0\0\0\0\0\0\0\0\0\0\0\0\0\0\0\0\0\0\0\0\0\0\0\0\0\0\0\0\0\0\0\0\0\0\0\0\0\0\0\0\0\0\0\0\0\0\0\0\0\0\0\0\0\0\0\0\0\0\0\0\0\0\0S\0c\0h\0e\0m\0a\0 \0U\0D\0V\0 \0D\0e\0f\0a\0u\0l\0t\0 \0P\0o\0s\0t\0 \0V\06\0\0\0\0\0\0\0\0\0\0\0\0\06\0\0ÿÿÿÿÿÿÿÿÿÿÿÿ\0\0\0\0\0\0\0\0\0\0\0\0\0\0\0\0\0\0\0\0\0\0\0\0\0\0\0\0\0\0\0\0\0\0\0\0\0\0\0\0\0\0\0\0\0\0\0\0\0\0\0\0\0\0\0\0\0\0\0\0\0\0\0\0\0\0\0\0\0\0\0\0\0\0\0\0\0\0\0\0\0\0\0\0\0\0\0\0\0\0\0\0\0\0\0\0\0\0\0\0\0\0\0\0\0\0\0\0\0\0\0\0\0\0ÿÿÿÿÿÿÿÿÿÿÿÿ\0\0\0\0\0\0\0\0\0\0\0\0\0\0\0\0\0\0\0\0\0\0\0\0\0\0\0\0\0\0\0\0\0\0\0\0\0\0\0\0\0\0\0\0\0\0\0\0\0\0\0\0\0\0\0\0\0\0\0\0\0\0\0\0\0\0\0\0\0\0\0\0\0\0\0\0\0\0\0\0\0\0\0\0\0\0\0\0\0\0\0\0\0\0\0\0\0\0\0\0\0\0\0\0\0\0\0\0\0\0\0\0\0\0\0\0ÿÿÿÿÿÿÿÿÿÿÿÿ\0\0\0\0\0\0\0\0\0\0\0\0\0\0\0\0\0\0\0\0\0\0\0\0\0\0\0\0\0\0\0\0\0\0\0\0\0\0\0\0\0\0\0\0\0\0\0\0\0\0\0\0\0\0\0\0\0\0\0\0\0\0\0\0\0\0\0\0\0\0\0\0\0\0\0\0\0\0\0\0\0\0\0\0\0\0\0\0\0\0\0\0\0\0\0\0\0\0\0\0\0\0\0\0\0\0\0\0\0\0\0\0\0\0\0\0ÿÿÿÿÿÿÿÿÿÿÿÿ\0\0\0\0\0\0\0\0\0\0\0\0\0\0\0\0\0\0\0\0\0\0\0\0\0\0\0\0\0\0\0\0\0\0\0\0\0\0\0\0\0\0\0\0\0\0\0\0bˆR');
/*!40000 ALTER TABLE `sysdiagrams` ENABLE KEYS */;
UNLOCK TABLES;
/*!40103 SET TIME_ZONE=@OLD_TIME_ZONE */;

/*!40101 SET SQL_MODE=@OLD_SQL_MODE */;
/*!40014 SET FOREIGN_KEY_CHECKS=@OLD_FOREIGN_KEY_CHECKS */;
/*!40014 SET UNIQUE_CHECKS=@OLD_UNIQUE_CHECKS */;
/*!40101 SET CHARACTER_SET_CLIENT=@OLD_CHARACTER_SET_CLIENT */;
/*!40101 SET CHARACTER_SET_RESULTS=@OLD_CHARACTER_SET_RESULTS */;
/*!40101 SET COLLATION_CONNECTION=@OLD_COLLATION_CONNECTION */;
/*!40111 SET SQL_NOTES=@OLD_SQL_NOTES */;

-- Dump completed on 2021-08-04 14:20:23
